INSERT INTO BIG_FIVE_QUESTION(text, trait, operation) VALUES ('Meni su žurke život.', 'EXTROVERSION', 'ADD');
INSERT INTO BIG_FIVE_QUESTION(text, trait, operation) VALUES ('Osećam malu zabrinutost za druge.', 'AGREEABLENESS', 'SUB');
INSERT INTO BIG_FIVE_QUESTION(text, trait, operation) VALUES ('Uvek sam spreman.', 'CONSCIENTIOUSNESS', 'ADD');
INSERT INTO BIG_FIVE_QUESTION(text, trait, operation) VALUES ('Lako se nasekiram.', 'NEUROTICISM', 'SUB');
INSERT INTO BIG_FIVE_QUESTION(text, trait, operation) VALUES ('Imam bogat vokabular.', 'OPENNESS', 'ADD');
INSERT INTO BIG_FIVE_QUESTION(text, trait, operation) VALUES ('Ne pricam mnogo.', 'EXTROVERSION', 'SUB');
INSERT INTO BIG_FIVE_QUESTION(text, trait, operation) VALUES ('Zainteresovan sam za ljude.', 'AGREEABLENESS', 'ADD');
INSERT INTO BIG_FIVE_QUESTION(text, trait, operation) VALUES ('Ostavljam svoje stvari za sobom.', 'CONSCIENTIOUSNESS', 'SUB');
INSERT INTO BIG_FIVE_QUESTION(text, trait, operation) VALUES ('Uglavnom sam opušten.', 'NEUROTICISM', 'ADD');
INSERT INTO BIG_FIVE_QUESTION(text, trait, operation) VALUES ('Sa teškoćom shvatam apstraktne ideje.', 'OPENNESS', 'SUB');
INSERT INTO BIG_FIVE_QUESTION(text, trait, operation) VALUES ('Osećam se prijatno u društvu.', 'EXTROVERSION', 'ADD');
INSERT INTO BIG_FIVE_QUESTION(text, trait, operation) VALUES ('Vređam ljude.', 'AGREEABLENESS', 'SUB');
INSERT INTO BIG_FIVE_QUESTION(text, trait, operation) VALUES ('Vodim računa o detaljima.', 'CONSCIENTIOUSNESS', 'ADD');
INSERT INTO BIG_FIVE_QUESTION(text, trait, operation) VALUES ('Brinem u vezi stvari.', 'NEUROTICISM', 'SUB');
INSERT INTO BIG_FIVE_QUESTION(text, trait, operation) VALUES ('Imam bujnu maštu.', 'OPENNESS', 'ADD');
INSERT INTO BIG_FIVE_QUESTION(text, trait, operation) VALUES ('Ne volim da se ističem.', 'EXTROVERSION', 'SUB');
INSERT INTO BIG_FIVE_QUESTION(text, trait, operation) VALUES ('Saosećam sa tuđim osećanjima.', 'AGREEABLENESS', 'ADD');
INSERT INTO BIG_FIVE_QUESTION(text, trait, operation) VALUES ('Neuredan sam.', 'CONSCIENTIOUSNESS', 'SUB');
INSERT INTO BIG_FIVE_QUESTION(text, trait, operation) VALUES ('Retko osećam melanholiju.', 'NEUROTICISM', 'ADD');
INSERT INTO BIG_FIVE_QUESTION(text, trait, operation) VALUES ('Nisam zainteresovan za apstraktne ideje.', 'OPENNESS', 'SUB');
INSERT INTO BIG_FIVE_QUESTION(text, trait, operation) VALUES ('Započinjem konverzaciju.', 'EXTROVERSION', 'ADD');
INSERT INTO BIG_FIVE_QUESTION(text, trait, operation) VALUES ('Nisam zainteresovan za probleme drugih ljudi.', 'AGREEABLENESS', 'SUB');
INSERT INTO BIG_FIVE_QUESTION(text, trait, operation) VALUES ('Rešavam svoje obaveze na vreme. ', 'CONSCIENTIOUSNESS', 'ADD');
INSERT INTO BIG_FIVE_QUESTION(text, trait, operation) VALUES ('Lako se uznemirim.', 'NEUROTICISM', 'SUB');
INSERT INTO BIG_FIVE_QUESTION(text, trait, operation) VALUES ('Imam odlične ideje.', 'OPENNESS', 'ADD');
INSERT INTO BIG_FIVE_QUESTION(text, trait, operation) VALUES ('Nisam pričljive prirode.', 'EXTROVERSION', 'SUB');
INSERT INTO BIG_FIVE_QUESTION(text, trait, operation) VALUES ('Imam meko srce.', 'AGREEABLENESS', 'ADD');
INSERT INTO BIG_FIVE_QUESTION(text, trait, operation) VALUES ('Često zaboravljam da vratim stvari na svoje mesto.', 'CONSCIENTIOUSNESS', 'SUB');
INSERT INTO BIG_FIVE_QUESTION(text, trait, operation) VALUES ('Lako se iznerviram.', 'NEUROTICISM', 'SUB');
INSERT INTO BIG_FIVE_QUESTION(text, trait, operation) VALUES ('Nisam naročito maštovit.', 'OPENNESS', 'SUB');
INSERT INTO BIG_FIVE_QUESTION(text, trait, operation) VALUES ('Pričam sa mnogo različitih ljudi na žurci.', 'EXTROVERSION', 'ADD');
INSERT INTO BIG_FIVE_QUESTION(text, trait, operation) VALUES ('Nisam zainteresovan za druge ljude.', 'AGREEABLENESS', 'SUB');
INSERT INTO BIG_FIVE_QUESTION(text, trait, operation) VALUES ('Volim red.', 'CONSCIENTIOUSNESS', 'ADD');
INSERT INTO BIG_FIVE_QUESTION(text, trait, operation) VALUES ('Često menjam raspoloženje.', 'NEUROTICISM', 'SUB');
INSERT INTO BIG_FIVE_QUESTION(text, trait, operation) VALUES ('Brzo shvatam stvari.', 'OPENNESS', 'ADD');
INSERT INTO BIG_FIVE_QUESTION(text, trait, operation) VALUES ('Ne volim da privlačim pažnju na sebe.', 'EXTROVERSION', 'SUB');
INSERT INTO BIG_FIVE_QUESTION(text, trait, operation) VALUES ('Izdvajam vreme za druge.', 'AGREEABLENESS', 'ADD');
INSERT INTO BIG_FIVE_QUESTION(text, trait, operation) VALUES ('Zabušavam.', 'CONSCIENTIOUSNESS', 'SUB');
INSERT INTO BIG_FIVE_QUESTION(text, trait, operation) VALUES ('Brzo menjam raspoloženje.', 'NEUROTICISM', 'SUB');
INSERT INTO BIG_FIVE_QUESTION(text, trait, operation) VALUES ('Koristim komplikovane reči.', 'OPENNESS', 'ADD');
INSERT INTO BIG_FIVE_QUESTION(text, trait, operation) VALUES ('Ne smeta mi kad sam u centru pažnje.', 'EXTROVERSION', 'ADD');
INSERT INTO BIG_FIVE_QUESTION(text, trait, operation) VALUES ('Imam osećaj empatije.', 'AGREEABLENESS', 'ADD');
INSERT INTO BIG_FIVE_QUESTION(text, trait, operation) VALUES ('Pratim raspored.', 'CONSCIENTIOUSNESS', 'ADD');
INSERT INTO BIG_FIVE_QUESTION(text, trait, operation) VALUES ('Razdražljive sam prirode.', 'NEUROTICISM', 'SUB');
INSERT INTO BIG_FIVE_QUESTION(text, trait, operation) VALUES ('Periodično sagledavam stvari.', 'OPENNESS', 'ADD');
INSERT INTO BIG_FIVE_QUESTION(text, trait, operation) VALUES ('Tih sam u prisustvu nepoznatih ljudi.', 'EXTROVERSION', 'SUB');
INSERT INTO BIG_FIVE_QUESTION(text, trait, operation) VALUES ('Činim da se drugi ljudi osećaju opušteno.', 'AGREEABLENESS', 'ADD');
INSERT INTO BIG_FIVE_QUESTION(text, trait, operation) VALUES ('Uživam u svom poslu.', 'CONSCIENTIOUSNESS', 'ADD');
INSERT INTO BIG_FIVE_QUESTION(text, trait, operation) VALUES ('Često se osećam melanholično.', 'NEUROTICISM', 'SUB');
INSERT INTO BIG_FIVE_QUESTION(text, trait, operation) VALUES ('Pun sam ideja.', 'OPENNESS', 'ADD');

-- career area
INSERT INTO CAREER_AREA(name, rang) VALUES ('Administracija', '90');
INSERT INTO CAREER_AREA(name, rang) VALUES ('Bezbednost', '60');
INSERT INTO CAREER_AREA(name, rang) VALUES ('Tehnika', '120');
INSERT INTO CAREER_AREA(name, rang) VALUES ('Kreativnost', '110');
INSERT INTO CAREER_AREA(name, rang) VALUES ('Kultura', '50');
INSERT INTO CAREER_AREA(name, rang) VALUES ('Literatura', '70');
INSERT INTO CAREER_AREA(name, rang) VALUES ('Nauka', '100');
INSERT INTO CAREER_AREA(name, rang) VALUES ('Pomaganje', '30');
INSERT INTO CAREER_AREA(name, rang) VALUES ('Poljoprivreda', '80');
INSERT INTO CAREER_AREA(name, rang) VALUES ('Praktična delatnost', '20');
INSERT INTO CAREER_AREA(name, rang) VALUES ('Sport', '40');
INSERT INTO CAREER_AREA(name, rang) VALUES ('Personalne usluge', '10');
INSERT INTO TRAITS(career_area_id, traits) VALUES ('1', '3');
INSERT INTO TRAITS(career_area_id, traits) VALUES ('1', '4');
INSERT INTO TRAITS(career_area_id, traits) VALUES ('2', '3');
INSERT INTO TRAITS(career_area_id, traits) VALUES ('2', '4');
INSERT INTO TRAITS(career_area_id, traits) VALUES ('2', '8');
INSERT INTO TRAITS(career_area_id, traits) VALUES ('3', '7');
INSERT INTO TRAITS(career_area_id, traits) VALUES ('3', '3');
INSERT INTO TRAITS(career_area_id, traits) VALUES ('4', '7');
INSERT INTO TRAITS(career_area_id, traits) VALUES ('4', '9');
INSERT INTO TRAITS(career_area_id, traits) VALUES ('4', '1');
INSERT INTO TRAITS(career_area_id, traits) VALUES ('5', '3');
INSERT INTO TRAITS(career_area_id, traits) VALUES ('5', '9');
INSERT INTO TRAITS(career_area_id, traits) VALUES ('5', '1');
INSERT INTO TRAITS(career_area_id, traits) VALUES ('6', '7');
INSERT INTO TRAITS(career_area_id, traits) VALUES ('6', '4');
INSERT INTO TRAITS(career_area_id, traits) VALUES ('6', '9');
INSERT INTO TRAITS(career_area_id, traits) VALUES ('7', '7');
INSERT INTO TRAITS(career_area_id, traits) VALUES ('7', '9');
INSERT INTO TRAITS(career_area_id, traits) VALUES ('7', '3');
INSERT INTO TRAITS(career_area_id, traits) VALUES ('8', '9');
INSERT INTO TRAITS(career_area_id, traits) VALUES ('8', '1');
INSERT INTO TRAITS(career_area_id, traits) VALUES ('8', '4');
INSERT INTO TRAITS(career_area_id, traits) VALUES ('9', '4');
INSERT INTO TRAITS(career_area_id, traits) VALUES ('9', '3');
INSERT INTO TRAITS(career_area_id, traits) VALUES ('9', '1');
INSERT INTO TRAITS(career_area_id, traits) VALUES ('10', '1');
INSERT INTO TRAITS(career_area_id, traits) VALUES ('10', '9');
INSERT INTO TRAITS(career_area_id, traits) VALUES ('11', '1');
INSERT INTO TRAITS(career_area_id, traits) VALUES ('11', '9');
INSERT INTO TRAITS(career_area_id, traits) VALUES ('11', '3');
INSERT INTO TRAITS(career_area_id, traits) VALUES ('12', '1');
INSERT INTO TRAITS(career_area_id, traits) VALUES ('12', '4');
INSERT INTO TRAITS(career_area_id, traits) VALUES ('12', '9');

-- professional orientation questions
INSERT INTO POQUESTION(text, career_area_id) VALUES ('Kontrolisati dokumentaciju o finansijskom poslovanju preduzeća', '1');
INSERT INTO POQUESTION(text, career_area_id) VALUES ('Obučavati ljude da koriste borbenu  opremu, vatrena oružja i oruđa', '2');
INSERT INTO POQUESTION(text, career_area_id) VALUES ('Uređivati javne prostore (trgove, ulice i šetališta)', '4');
INSERT INTO POQUESTION(text, career_area_id) VALUES ('Pisati knjigu o istoriji umetnosti', '5');
INSERT INTO POQUESTION(text, career_area_id) VALUES ('Kontrolisati ljude i vozila pri prelasku državne granice', '2');
INSERT INTO POQUESTION(text, career_area_id) VALUES ('Instalirati programe za rad na računaru', '3');
INSERT INTO POQUESTION(text, career_area_id) VALUES ('Vršiti istraživanja iz oblasti nuklearne fizike', '7');
INSERT INTO POQUESTION(text, career_area_id) VALUES ('Podučavati decu kako da pravilno izgovaraju glasove', '8');
INSERT INTO POQUESTION(text, career_area_id) VALUES ('Raditi u organizaciji svetskog sportskog prvenstva', '11');
INSERT INTO POQUESTION(text, career_area_id) VALUES ('Raditi kao terapeut u zavodu za bolesti zavisnosti (za narkomane i alkoholičare)', '8');
INSERT INTO POQUESTION(text, career_area_id) VALUES ('Izrađivati električne merne instrumente', '3');
INSERT INTO POQUESTION(text, career_area_id) VALUES ('Voditi poslovne knjige neke firme', '1');
INSERT INTO POQUESTION(text, career_area_id) VALUES ('Birati i uređivati članke za objavljivanje u dnevnim novinama', '6');
INSERT INTO POQUESTION(text, career_area_id) VALUES ('Kreirati nove modele odeće', '4');
INSERT INTO POQUESTION(text, career_area_id) VALUES ('Brinuti se o potrebama dece ometene u psihofizičkom razvoju', '8');
INSERT INTO POQUESTION(text, career_area_id) VALUES ('Planirati i brinuti o ishrani stoke na farmi ili poljoprivrednom dobru', '9');
INSERT INTO POQUESTION(text, career_area_id) VALUES ('Dizajnirati reklamne postere i bilborde', '4');
INSERT INTO POQUESTION(text, career_area_id) VALUES ('Učestvovati u akcijama specijalne antiterorističke borbene jedinice', '2');
INSERT INTO POQUESTION(text, career_area_id) VALUES ('Držati javna predavanja (građanima, studentima ili učenicima)', '6');
INSERT INTO POQUESTION(text, career_area_id) VALUES ('Sastavljati jelovnik za svečani prijem', '12');
INSERT INTO POQUESTION(text, career_area_id) VALUES ('Pružati prvu medicinsku pomoć povređenim osobama', '8');
INSERT INTO POQUESTION(text, career_area_id) VALUES ('Krečiti stan ili kuću', '10');
INSERT INTO POQUESTION(text, career_area_id) VALUES ('Raditi na šalteru u banci ili pošti', '1');
INSERT INTO POQUESTION(text, career_area_id) VALUES ('Uređivati unutrašnje prostore stambenih ili poslovnih objekata (enterijere)', '4');
INSERT INTO POQUESTION(text, career_area_id) VALUES ('Vršiti naučna istraživanja', '7');
INSERT INTO POQUESTION(text, career_area_id) VALUES ('Skladištiti voće i povrće u hladnjačama', '9');
INSERT INTO POQUESTION(text, career_area_id) VALUES ('Testirati i popravljati računare', '3');
INSERT INTO POQUESTION(text, career_area_id) VALUES ('Urediti scenografiju na filmu ili u pozorištu', '4');
INSERT INTO POQUESTION(text, career_area_id) VALUES ('Obučavati vojnike strojevom koraku', '2');
INSERT INTO POQUESTION(text, career_area_id) VALUES ('Organizovati umetničke izložbe', '5');
INSERT INTO POQUESTION(text, career_area_id) VALUES ('Uređivati parkove i vrtove', '4');
INSERT INTO POQUESTION(text, career_area_id) VALUES ('Proučavati poreklo, nastanak i sastav zemljine kore', '7');
INSERT INTO POQUESTION(text, career_area_id) VALUES ('Nadzirati i ocenjivati sportske sudije', '11');
INSERT INTO POQUESTION(text, career_area_id) VALUES ('Zastupati interese stranke, u svojstvu advokata, na sudu', '6');
INSERT INTO POQUESTION(text, career_area_id) VALUES ('Učestvovati u organizaciji kulturnih događaja', '5');
INSERT INTO POQUESTION(text, career_area_id) VALUES ('Praviti dijagram prihoda i rashoda u nekoj privrednoj organizaciji (firmi)', '1');
INSERT INTO POQUESTION(text, career_area_id) VALUES ('Pisati tekstove za pesme rok i pop muzike', '6');
INSERT INTO POQUESTION(text, career_area_id) VALUES ('Popravljati kućne električne aparate', '10');
INSERT INTO POQUESTION(text, career_area_id) VALUES ('Voditi umetničku galeriju', '5');
INSERT INTO POQUESTION(text, career_area_id) VALUES ('Ispitivati elektrotehničke materijale', '3');
INSERT INTO POQUESTION(text, career_area_id) VALUES ('Organizovati javne akcije prikupljanja pomoći za operacije obolelih osoba', '8');
INSERT INTO POQUESTION(text, career_area_id) VALUES ('Projektovati reprezentativne zgrade (vile, pozorišta, pošte, železničke stanice)', '4');
INSERT INTO POQUESTION(text, career_area_id) VALUES ('Popravljati motorna vozila', '10');
INSERT INTO POQUESTION(text, career_area_id) VALUES ('Nadzirati izleganja pilića na farmi', '9');
INSERT INTO POQUESTION(text, career_area_id) VALUES ('Baviti se filmskom kritikom', '5');
INSERT INTO POQUESTION(text, career_area_id) VALUES ('Sklapati nameštaj od gotovih delova', '10');
INSERT INTO POQUESTION(text, career_area_id) VALUES ('Izvoditi eksperimente iz oblasti organske hemije', '7');
INSERT INTO POQUESTION(text, career_area_id) VALUES ('Uvoditi centralno grejanje u kuće i solitere', '10');
INSERT INTO POQUESTION(text, career_area_id) VALUES ('Prevoditi knjige i tekstove na (i sa) stranih jezika', '6');
INSERT INTO POQUESTION(text, career_area_id) VALUES ('Planirati borbenu obuku vojske, žandarmerije ili policije', '2');
INSERT INTO POQUESTION(text, career_area_id) VALUES ('Otkrivati i otklanjati kvarove na televizijskim i radio aparatima', '3');
INSERT INTO POQUESTION(text, career_area_id) VALUES ('Smišljati slogane za reklame', '6');
INSERT INTO POQUESTION(text, career_area_id) VALUES ('Birati i prodavati voće', '9');
INSERT INTO POQUESTION(text, career_area_id) VALUES ('Uređivati i ukrašavati izloge', '4');
INSERT INTO POQUESTION(text, career_area_id) VALUES ('Baviti se umetničkom fotografijom', '5');
INSERT INTO POQUESTION(text, career_area_id) VALUES ('Sklapati ugovore sa sportskim timovima i igračima', '11');
INSERT INTO POQUESTION(text, career_area_id) VALUES ('Oblikovati moderne ženske i muške frizure', '12');
INSERT INTO POQUESTION(text, career_area_id) VALUES ('Razgovarati sa ljudima o njihovim psihičkim problemima', '8');
INSERT INTO POQUESTION(text, career_area_id) VALUES ('Čitati vesti na tv-u ili radiju', '6');
INSERT INTO POQUESTION(text, career_area_id) VALUES ('Obračunavati platu uzimajući u obzir poreze, beneficije i takse', '1');
INSERT INTO POQUESTION(text, career_area_id) VALUES ('Izvoditi eksperimente o ljudskom ponašanju u laboratoriji', '7');
INSERT INTO POQUESTION(text, career_area_id) VALUES ('Crtati sheme električnih uređaja i aparata', '3');
INSERT INTO POQUESTION(text, career_area_id) VALUES ('Vršiti uviđaj na mestu zločina', '2');
INSERT INTO POQUESTION(text, career_area_id) VALUES ('Istraživati faktore rizika oboljevanja od srčanih bolesti', '7');
INSERT INTO POQUESTION(text, career_area_id) VALUES ('Dizajnirati modernu kuhinju', '4');
INSERT INTO POQUESTION(text, career_area_id) VALUES ('Popravljati kućne aparate i instalacije', '10');
INSERT INTO POQUESTION(text, career_area_id) VALUES ('Organizovati zabavu ili proslavu u noćnom klubu', '12');
INSERT INTO POQUESTION(text, career_area_id) VALUES ('Pisati romane, pesme ili pripovetke', '6');
INSERT INTO POQUESTION(text, career_area_id) VALUES ('Instalirati operativne računarske programe i sisteme', '3');
INSERT INTO POQUESTION(text, career_area_id) VALUES ('Pomagati ljudima koji imaju psihičke, telesne ili socijalne probleme', '8');
INSERT INTO POQUESTION(text, career_area_id) VALUES ('Vršiti isplate i naplate novca u banci', '1');
INSERT INTO POQUESTION(text, career_area_id) VALUES ('Izučavati lekovito bilje radi pronalaska novog leka', '7');
INSERT INTO POQUESTION(text, career_area_id) VALUES ('Uređivati obrazovni program za decu', '5');
INSERT INTO POQUESTION(text, career_area_id) VALUES ('Brinuti o kvalitetu usluživanja gostiju u restoranu', '12');
INSERT INTO POQUESTION(text, career_area_id) VALUES ('Upravljati radom sportskog centra', '11');
INSERT INTO POQUESTION(text, career_area_id) VALUES ('Kreirati pozorišne kostime', '4');
INSERT INTO POQUESTION(text, career_area_id) VALUES ('Vaspitavati mlade ljude koji imaju problema s ponašanjem', '8');
INSERT INTO POQUESTION(text, career_area_id) VALUES ('Obučavati posadu borbenog aviona ili broda', '2');
INSERT INTO POQUESTION(text, career_area_id) VALUES ('Proučavati dejstvo lekova na ljudski organizam', '7');
INSERT INTO POQUESTION(text, career_area_id) VALUES ('Organizovati sportsko takmičenje', '11');
INSERT INTO POQUESTION(text, career_area_id) VALUES ('Usluživati i brinuti o putnicima na avionskom letu', '12');
INSERT INTO POQUESTION(text, career_area_id) VALUES ('Proučavati nacionalnu muzičku istoriju', '5');
INSERT INTO POQUESTION(text, career_area_id) VALUES ('Ručno izrađivati proizvode za domaćinstva', '10');
INSERT INTO POQUESTION(text, career_area_id) VALUES ('Procenjivati vrednost uvezene robe i određivati visinu takse', '1');
INSERT INTO POQUESTION(text, career_area_id) VALUES ('Gajiti domaće životinje', '9');
INSERT INTO POQUESTION(text, career_area_id) VALUES ('Pisati kompjuterske programe', '3');
INSERT INTO POQUESTION(text, career_area_id) VALUES ('Dizajnirati sobne tapete', '4');
INSERT INTO POQUESTION(text, career_area_id) VALUES ('Organizovati program boravka grupa u turističkom odmaralištu ili letovalištu', '12');
INSERT INTO POQUESTION(text, career_area_id) VALUES ('Rasvetljavati krivična dela i privoditi pravdi njihove izvršioce', '2');
INSERT INTO POQUESTION(text, career_area_id) VALUES ('Saditi i navodnjavati voće i povrće', '9');
INSERT INTO POQUESTION(text, career_area_id) VALUES ('Ugovoriti prodaju (transfer) domaćih igrača stranim klubovima', '11');
INSERT INTO POQUESTION(text, career_area_id) VALUES ('Popravljati puške i pištolje', '10');
INSERT INTO POQUESTION(text, career_area_id) VALUES ('Postavljate zidne tapete', '10');
INSERT INTO POQUESTION(text, career_area_id) VALUES ('Birati pesme za objavljivanje u literalnom časopisu', '6');
INSERT INTO POQUESTION(text, career_area_id) VALUES ('Obračunavati visinu poreza za razne vrste robe', '1');
INSERT INTO POQUESTION(text, career_area_id) VALUES ('Prskati voćnjak zaštitinim sredstvima', '9');
INSERT INTO POQUESTION(text, career_area_id) VALUES ('Smišljati program za kurs računarske obuke', '3');
INSERT INTO POQUESTION(text, career_area_id) VALUES ('Popravljati polomljene stvari ili opremu', '10');
INSERT INTO POQUESTION(text, career_area_id) VALUES ('Birati filmove za program filmskog festivala', '5');
INSERT INTO POQUESTION(text, career_area_id) VALUES ('Uređivati sportski časopis', '11');
INSERT INTO POQUESTION(text, career_area_id) VALUES ('Pisati scenarija za TV emisije', '6');
INSERT INTO POQUESTION(text, career_area_id) VALUES ('Upravljati radom sportskog kluba', '11');
INSERT INTO POQUESTION(text, career_area_id) VALUES ('Upravljati motornim vozilom', '10');
INSERT INTO POQUESTION(text, career_area_id) VALUES ('Fizički štiti važne osobe (biti profesionalni telohranitelj)', '2');
INSERT INTO POQUESTION(text, career_area_id) VALUES ('Saditi , brati i sušiti duvan', '9');
INSERT INTO POQUESTION(text, career_area_id) VALUES ('Pisati novinske članke o sportskim događajima', '11');
INSERT INTO POQUESTION(text, career_area_id) VALUES ('Brinuti o nepokretnim ili starijim osobama', '8');
INSERT INTO POQUESTION(text, career_area_id) VALUES ('Izdavati na šalteru razna dokumenta (uverenja, potvrde)', '1');
INSERT INTO POQUESTION(text, career_area_id) VALUES ('Trenirati dečiji sportski tim', '11');
INSERT INTO POQUESTION(text, career_area_id) VALUES ('Montirati i popravljati klima uređaje', '3');
INSERT INTO POQUESTION(text, career_area_id) VALUES ('Određivati vrstu đubriva za pšenične useve', '9');
INSERT INTO POQUESTION(text, career_area_id) VALUES ('Simultano prevoditi razgovore sa stranog jezika na srpski i obrnuto', '6');
INSERT INTO POQUESTION(text, career_area_id) VALUES ('Sakupljati dokaze o delovanju organizovanih kriminalnih grupa', '2');
INSERT INTO POQUESTION(text, career_area_id) VALUES ('Birati sportiste za državnu reprezentaciju', '11');
INSERT INTO POQUESTION(text, career_area_id) VALUES ('Raditi na postavljanju vodovodnih instalacija', '10');
INSERT INTO POQUESTION(text, career_area_id) VALUES ('Procenjivati vrednost umetničkih dela', '5');
INSERT INTO POQUESTION(text, career_area_id) VALUES ('Voditi kozmetički salon', '12');
INSERT INTO POQUESTION(text, career_area_id) VALUES ('Brinuti o ribi i ribljem mlađu u ribnjaku', '9');
INSERT INTO POQUESTION(text, career_area_id) VALUES ('Voditi evidenciju o prijemu i izdavanju robe u magacinu ili skladištu', '1');
INSERT INTO POQUESTION(text, career_area_id) VALUES ('Profesionalno se baviti sportom', '11');
INSERT INTO POQUESTION(text, career_area_id) VALUES ('Spremati jela svetski poznatih kuhinja (italijanske, francuske, kineske...)', '12');
INSERT INTO POQUESTION(text, career_area_id) VALUES ('Analizirati satelitske snimke za izradu vremenskih prognoza', '7');
INSERT INTO POQUESTION(text, career_area_id) VALUES ('Režirati pozorišne predstave', '5');
INSERT INTO POQUESTION(text, career_area_id) VALUES ('Brinuti o zdravlju domaćih životinja i kućnih ljubimaca', '9');
INSERT INTO POQUESTION(text, career_area_id) VALUES ('Mešati razne vrste pića i praviti koktele', '12');
INSERT INTO POQUESTION(text, career_area_id) VALUES ('Pratiti određena lica radi sakupljanja obaveštajnih podataka', '2');
INSERT INTO POQUESTION(text, career_area_id) VALUES ('Učiti strane jezike', '6');
INSERT INTO POQUESTION(text, career_area_id) VALUES ('Raditi u institutu društvenih nauka', '7');
INSERT INTO POQUESTION(text, career_area_id) VALUES ('Davati informacije kupcima o kvalitetu i cenama proizvoda', '12');
INSERT INTO POQUESTION(text, career_area_id) VALUES ('Postavljati toplotnu i/ili zvučnu izolaciju u stanu', '10');
INSERT INTO POQUESTION(text, career_area_id) VALUES ('Naplaćivati prodatu robu u robnoj kući', '12');
INSERT INTO POQUESTION(text, career_area_id) VALUES ('Voditi zapisnik tokom poslovnog sastanka', '1');
INSERT INTO POQUESTION(text, career_area_id) VALUES ('Osmišljavati izgled pakovanja za kafu', '4');
INSERT INTO POQUESTION(text, career_area_id) VALUES ('Tapacirati stare kauče, stolice ili fotelje', '10');
INSERT INTO POQUESTION(text, career_area_id) VALUES ('Voditi TV emisiju o kulturi', '5');
INSERT INTO POQUESTION(text, career_area_id) VALUES ('Pomagati đacima da prevaziđu problem u učenju', '8');
INSERT INTO POQUESTION(text, career_area_id) VALUES ('Baviti se naukom', '7');
INSERT INTO POQUESTION(text, career_area_id) VALUES ('Oružano obezbeđivati važne objekte', '2');
INSERT INTO POQUESTION(text, career_area_id) VALUES ('Raditi poslove inžinjera elektrotehnike', '3');
INSERT INTO POQUESTION(text, career_area_id) VALUES ('Ugovarati nabavku robe od proizvođača', '12');
INSERT INTO POQUESTION(text, career_area_id) VALUES ('Zasejavati poljoprivredne kulture (kukuruz, pšenicu, suncokret, šećernu repu...)', '9');
INSERT INTO POQUESTION(text, career_area_id) VALUES ('Raditi u fabrici električnih uređaja', '3');
INSERT INTO POQUESTION(text, career_area_id) VALUES ('Menjati novac po kursevima svetskih valuta', '1');
INSERT INTO POQUESTION(text, career_area_id) VALUES ('Proučavati biljke i životinje u morima i okeanima', '7');
INSERT INTO POQUESTION(text, career_area_id) VALUES ('Organizovati prijem i smeštaj gostiju u hotelima i motelima', '12');
INSERT INTO POQUESTION(text, career_area_id) VALUES ('Ilustrovati naslovne strane knjiga i časopisa', '4');
INSERT INTO POQUESTION(text, career_area_id) VALUES ('Profesionalno trenirati sportski tim', '11');
INSERT INTO POQUESTION(text, career_area_id) VALUES ('Davati informacije o turističkoj ponudi', '12');
INSERT INTO POQUESTION(text, career_area_id) VALUES ('Ispitivati svedoke krivičnih dela', '2');
INSERT INTO POQUESTION(text, career_area_id) VALUES ('Raditi u dečijem vrtiću ili obdaništu', '8');
INSERT INTO POQUESTION(text, career_area_id) VALUES ('Proučavati nastanak, razvoj i kretanje nebeskih tela', '7');
INSERT INTO POQUESTION(text, career_area_id) VALUES ('Učestvovati na međunarodnom filmskom festivalu', '5');
INSERT INTO POQUESTION(text, career_area_id) VALUES ('Pisati filmski scenario', '6');
INSERT INTO POQUESTION(text, career_area_id) VALUES ('Pružati prvu pomoć žrtvama nasilja', '8');
INSERT INTO POQUESTION(text, career_area_id) VALUES ('Obrađivati zemljište pomoću poljoprivredne mehanizacije', '9');
INSERT INTO POQUESTION(text, career_area_id) VALUES ('Primati i evidentirati molbe i žalbe građana', '1');
INSERT INTO POQUESTION(text, career_area_id) VALUES ('Praviti zaštitu kompjuterskih programa od nelegalnog kopiranja', '3');
INSERT INTO POQUESTION(text, career_area_id) VALUES ('Sakupljati pomoć za siromašne ljude', '8');
INSERT INTO POQUESTION(text, career_area_id) VALUES ('Osmišljavati izgled igračaka za decu', '4');
INSERT INTO POQUESTION(text, career_area_id) VALUES ('Komentarisati i prenositi sportske događaje na radiju ili televiziji', '11');
INSERT INTO POQUESTION(text, career_area_id) VALUES ('Gajiti vinograd', '9');
INSERT INTO POQUESTION(text, career_area_id) VALUES ('Saslušavati učesnike krivičnih dela', '2');
INSERT INTO POQUESTION(text, career_area_id) VALUES ('Smišljati baletska i scenska izvođenja (koreografije)', '5');
INSERT INTO POQUESTION(text, career_area_id) VALUES ('Voditi televizijsku emisiju', '6');
INSERT INTO POQUESTION(text, career_area_id) VALUES ('Kontrolisati rad električnih instalacija', '3');
INSERT INTO POQUESTION(text, career_area_id) VALUES ('Eksperimentisati sa lekovima za produžetak životnog veka ljudi', '7');
INSERT INTO POQUESTION(text, career_area_id) VALUES ('Pripremati dokumentaciju za poslovni sastanak', '1');
INSERT INTO POQUESTION(text, career_area_id) VALUES ('Voditi centar za brigu o deci ometenoj u razvoju', '8');
INSERT INTO QUESTION_PAIR(question_a_id, question_b_id) VALUES ('1', '2');
INSERT INTO QUESTION_PAIR(question_a_id, question_b_id) VALUES ('3', '4');
INSERT INTO QUESTION_PAIR(question_a_id, question_b_id) VALUES ('5', '6');
INSERT INTO QUESTION_PAIR(question_a_id, question_b_id) VALUES ('7', '8');
INSERT INTO QUESTION_PAIR(question_a_id, question_b_id) VALUES ('9', '10');
INSERT INTO QUESTION_PAIR(question_a_id, question_b_id) VALUES ('11', '12');
INSERT INTO QUESTION_PAIR(question_a_id, question_b_id) VALUES ('13', '14');
INSERT INTO QUESTION_PAIR(question_a_id, question_b_id) VALUES ('15', '16');
INSERT INTO QUESTION_PAIR(question_a_id, question_b_id) VALUES ('17', '18');
INSERT INTO QUESTION_PAIR(question_a_id, question_b_id) VALUES ('19', '20');
INSERT INTO QUESTION_PAIR(question_a_id, question_b_id) VALUES ('21', '22');
INSERT INTO QUESTION_PAIR(question_a_id, question_b_id) VALUES ('23', '24');
INSERT INTO QUESTION_PAIR(question_a_id, question_b_id) VALUES ('25', '26');
INSERT INTO QUESTION_PAIR(question_a_id, question_b_id) VALUES ('27', '28');
INSERT INTO QUESTION_PAIR(question_a_id, question_b_id) VALUES ('29', '30');
INSERT INTO QUESTION_PAIR(question_a_id, question_b_id) VALUES ('31', '32');
INSERT INTO QUESTION_PAIR(question_a_id, question_b_id) VALUES ('33', '34');
INSERT INTO QUESTION_PAIR(question_a_id, question_b_id) VALUES ('35', '36');
INSERT INTO QUESTION_PAIR(question_a_id, question_b_id) VALUES ('37', '38');
INSERT INTO QUESTION_PAIR(question_a_id, question_b_id) VALUES ('39', '40');
INSERT INTO QUESTION_PAIR(question_a_id, question_b_id) VALUES ('41', '42');
INSERT INTO QUESTION_PAIR(question_a_id, question_b_id) VALUES ('43', '44');
INSERT INTO QUESTION_PAIR(question_a_id, question_b_id) VALUES ('45', '46');
INSERT INTO QUESTION_PAIR(question_a_id, question_b_id) VALUES ('47', '48');
INSERT INTO QUESTION_PAIR(question_a_id, question_b_id) VALUES ('49', '50');
INSERT INTO QUESTION_PAIR(question_a_id, question_b_id) VALUES ('51', '52');
INSERT INTO QUESTION_PAIR(question_a_id, question_b_id) VALUES ('53', '54');
INSERT INTO QUESTION_PAIR(question_a_id, question_b_id) VALUES ('55', '56');
INSERT INTO QUESTION_PAIR(question_a_id, question_b_id) VALUES ('57', '58');
INSERT INTO QUESTION_PAIR(question_a_id, question_b_id) VALUES ('59', '60');
INSERT INTO QUESTION_PAIR(question_a_id, question_b_id) VALUES ('61', '62');
INSERT INTO QUESTION_PAIR(question_a_id, question_b_id) VALUES ('63', '64');
INSERT INTO QUESTION_PAIR(question_a_id, question_b_id) VALUES ('65', '66');
INSERT INTO QUESTION_PAIR(question_a_id, question_b_id) VALUES ('67', '68');
INSERT INTO QUESTION_PAIR(question_a_id, question_b_id) VALUES ('69', '70');
INSERT INTO QUESTION_PAIR(question_a_id, question_b_id) VALUES ('71', '72');
INSERT INTO QUESTION_PAIR(question_a_id, question_b_id) VALUES ('73', '74');
INSERT INTO QUESTION_PAIR(question_a_id, question_b_id) VALUES ('75', '76');
INSERT INTO QUESTION_PAIR(question_a_id, question_b_id) VALUES ('77', '78');
INSERT INTO QUESTION_PAIR(question_a_id, question_b_id) VALUES ('79', '80');
INSERT INTO QUESTION_PAIR(question_a_id, question_b_id) VALUES ('81', '82');
INSERT INTO QUESTION_PAIR(question_a_id, question_b_id) VALUES ('83', '84');
INSERT INTO QUESTION_PAIR(question_a_id, question_b_id) VALUES ('85', '86');
INSERT INTO QUESTION_PAIR(question_a_id, question_b_id) VALUES ('87', '88');
INSERT INTO QUESTION_PAIR(question_a_id, question_b_id) VALUES ('89', '90');
INSERT INTO QUESTION_PAIR(question_a_id, question_b_id) VALUES ('91', '92');
INSERT INTO QUESTION_PAIR(question_a_id, question_b_id) VALUES ('93', '94');
INSERT INTO QUESTION_PAIR(question_a_id, question_b_id) VALUES ('95', '96');
INSERT INTO QUESTION_PAIR(question_a_id, question_b_id) VALUES ('97', '98');
INSERT INTO QUESTION_PAIR(question_a_id, question_b_id) VALUES ('99', '100');
INSERT INTO QUESTION_PAIR(question_a_id, question_b_id) VALUES ('101', '102');
INSERT INTO QUESTION_PAIR(question_a_id, question_b_id) VALUES ('103', '104');
INSERT INTO QUESTION_PAIR(question_a_id, question_b_id) VALUES ('105', '106');
INSERT INTO QUESTION_PAIR(question_a_id, question_b_id) VALUES ('107', '108');
INSERT INTO QUESTION_PAIR(question_a_id, question_b_id) VALUES ('109', '110');
INSERT INTO QUESTION_PAIR(question_a_id, question_b_id) VALUES ('111', '112');
INSERT INTO QUESTION_PAIR(question_a_id, question_b_id) VALUES ('113', '114');
INSERT INTO QUESTION_PAIR(question_a_id, question_b_id) VALUES ('115', '116');
INSERT INTO QUESTION_PAIR(question_a_id, question_b_id) VALUES ('117', '118');
INSERT INTO QUESTION_PAIR(question_a_id, question_b_id) VALUES ('119', '120');
INSERT INTO QUESTION_PAIR(question_a_id, question_b_id) VALUES ('121', '122');
INSERT INTO QUESTION_PAIR(question_a_id, question_b_id) VALUES ('123', '124');
INSERT INTO QUESTION_PAIR(question_a_id, question_b_id) VALUES ('125', '126');
INSERT INTO QUESTION_PAIR(question_a_id, question_b_id) VALUES ('127', '128');
INSERT INTO QUESTION_PAIR(question_a_id, question_b_id) VALUES ('129', '130');
INSERT INTO QUESTION_PAIR(question_a_id, question_b_id) VALUES ('131', '132');
INSERT INTO QUESTION_PAIR(question_a_id, question_b_id) VALUES ('133', '134');
INSERT INTO QUESTION_PAIR(question_a_id, question_b_id) VALUES ('135', '136');
INSERT INTO QUESTION_PAIR(question_a_id, question_b_id) VALUES ('137', '138');
INSERT INTO QUESTION_PAIR(question_a_id, question_b_id) VALUES ('139', '140');
INSERT INTO QUESTION_PAIR(question_a_id, question_b_id) VALUES ('141', '142');
INSERT INTO QUESTION_PAIR(question_a_id, question_b_id) VALUES ('143', '144');
INSERT INTO QUESTION_PAIR(question_a_id, question_b_id) VALUES ('145', '146');
INSERT INTO QUESTION_PAIR(question_a_id, question_b_id) VALUES ('147', '148');
INSERT INTO QUESTION_PAIR(question_a_id, question_b_id) VALUES ('149', '150');
INSERT INTO QUESTION_PAIR(question_a_id, question_b_id) VALUES ('151', '152');
INSERT INTO QUESTION_PAIR(question_a_id, question_b_id) VALUES ('153', '154');
INSERT INTO QUESTION_PAIR(question_a_id, question_b_id) VALUES ('155', '156');
INSERT INTO QUESTION_PAIR(question_a_id, question_b_id) VALUES ('157', '158');
INSERT INTO QUESTION_PAIR(question_a_id, question_b_id) VALUES ('159', '160');
INSERT INTO QUESTION_PAIR(question_a_id, question_b_id) VALUES ('161', '162');
INSERT INTO QUESTION_PAIR(question_a_id, question_b_id) VALUES ('163', '164');
INSERT INTO QUESTION_PAIR(question_a_id, question_b_id) VALUES ('165', '166');
INSERT INTO QUESTION_PAIR(question_a_id, question_b_id) VALUES ('167', '168');

INSERT INTO CITY(ID, NAME, LIFE_COST, RENT) VALUES (0, 'Beograd', 55356.0, 40000.0);
INSERT INTO CITY(ID, NAME, LIFE_COST, RENT) VALUES (1, 'Bor', 52000.0, 35000.0);
INSERT INTO CITY(ID, NAME, LIFE_COST, RENT) VALUES (2, 'Novi Sad', 51038.0, 32220.0);
INSERT INTO CITY(ID, NAME, LIFE_COST, RENT) VALUES (3, 'Subotica', 51598.0, 22052.0);
INSERT INTO CITY(ID, NAME, LIFE_COST, RENT) VALUES (4, 'Zrenjanin', 51757.0, 17808.0);
INSERT INTO CITY(ID, NAME, LIFE_COST, RENT) VALUES (5, 'Sombor', 51020.0, 27000.0);
INSERT INTO CITY(ID, NAME, LIFE_COST, RENT) VALUES (6, 'Kragujevac', 47016.0, 19852.0);
INSERT INTO CITY(ID, NAME, LIFE_COST, RENT) VALUES (7, 'Niš', 45080.0, 21400.0);
INSERT INTO CITY(ID, NAME, LIFE_COST, RENT) VALUES (8, 'Leskovac', 40000.0, 10000.0);
INSERT INTO CITY(ID, NAME, LIFE_COST, RENT) VALUES (9, 'Vranje', 40000.0, 10000.0);

INSERT INTO DORMITORY(ID, NAME, CITY_ID) VALUES (0, 'Karaburma', 0);
INSERT INTO DORMITORY(ID, NAME, CITY_ID) VALUES (1, 'Kralj Aleksandar I', 0);
INSERT INTO DORMITORY(ID, NAME, CITY_ID) VALUES (2, 'Patris Lumumba', 0);
INSERT INTO DORMITORY(ID, NAME, CITY_ID) VALUES (3, '4. april', 0);
INSERT INTO DORMITORY(ID, NAME, CITY_ID) VALUES (4, 'Košutnjak', 0);
INSERT INTO DORMITORY(ID, NAME, CITY_ID) VALUES (5, 'Slobodan Penezić - Krcun', 0);
INSERT INTO DORMITORY(ID, NAME, CITY_ID) VALUES (6, 'Mika Mitrović', 0);
INSERT INTO DORMITORY(ID, NAME, CITY_ID) VALUES (7, 'Studenjak', 0);
INSERT INTO DORMITORY(ID, NAME, CITY_ID) VALUES (8, 'Rifat Burdžević', 0);
INSERT INTO DORMITORY(ID, NAME, CITY_ID) VALUES (10, 'Vera Blagojević I i II', 0);
INSERT INTO DORMITORY(ID, NAME, CITY_ID) VALUES (11, 'Studentski grad', 0);
INSERT INTO DORMITORY(ID, NAME, CITY_ID) VALUES (12, 'Žarko Marinović', 0);
INSERT INTO DORMITORY(ID, NAME, CITY_ID) VALUES (13, 'Slobodan Bajić', 2);
INSERT INTO DORMITORY(ID, NAME, CITY_ID) VALUES (14, 'Veljko Vlahović', 2);
INSERT INTO DORMITORY(ID, NAME, CITY_ID) VALUES (15, 'Prof. Živojin Ćulum', 2);
INSERT INTO DORMITORY(ID, NAME, CITY_ID) VALUES (16, 'Car Lazar', 2);
INSERT INTO DORMITORY(ID, NAME, CITY_ID) VALUES (17, 'Nikola Tesla', 2);
INSERT INTO DORMITORY(ID, NAME, CITY_ID) VALUES (18, '23. oktobar', 2);
INSERT INTO DORMITORY(ID, NAME, CITY_ID) VALUES (19, 'Sajmište', 2);
INSERT INTO DORMITORY(ID, NAME, CITY_ID) VALUES (20, 'Feješ Klara', 2);
INSERT INTO DORMITORY(ID, NAME, CITY_ID) VALUES (21, 'Mihajlo Medić dr Miša', 4);
INSERT INTO DORMITORY(ID, NAME, CITY_ID) VALUES (22, 'Dr Zoran Đinđić', 5);
INSERT INTO DORMITORY(ID, NAME, CITY_ID) VALUES (23, 'Bosa Milićević', 3);
INSERT INTO DORMITORY(ID, NAME, CITY_ID) VALUES (24, 'Ivo Lola Ribar', 3);
INSERT INTO DORMITORY(ID, NAME, CITY_ID) VALUES (25, 'Paviljon I', 7);
INSERT INTO DORMITORY(ID, NAME, CITY_ID) VALUES (26, 'Paviljon II', 7);
INSERT INTO DORMITORY(ID, NAME, CITY_ID) VALUES (27, 'Paviljon III', 7);
INSERT INTO DORMITORY(ID, NAME, CITY_ID) VALUES (28, 'Paviljon IV', 7);
INSERT INTO DORMITORY(ID, NAME, CITY_ID) VALUES (29, 'Vita Janić', 6);
INSERT INTO DORMITORY(ID, NAME, CITY_ID) VALUES (30, 'Sloboda', 6);
INSERT INTO DORMITORY(ID, NAME, CITY_ID) VALUES (31, 'Studentski dom u Boru', 1);

INSERT INTO MAJOR(ID, MIN_SCORE, NAME, CITY_ID) VALUES (1, 75, 'Arhitektura; Arhitentonski fakultet', 0);
INSERT INTO MAJOR_AREA(MAJOR_ID, CAREER_AREA_ID) VALUES (1, 4);
INSERT INTO MAJOR_AREA(MAJOR_ID, CAREER_AREA_ID) VALUES (1, 3);

INSERT INTO MAJOR(ID, MIN_SCORE, NAME, CITY_ID) VALUES (2, 97, 'Biologija; Biološki fakultet', 0);
INSERT INTO MAJOR_AREA(MAJOR_ID, CAREER_AREA_ID) VALUES (2, 7);

INSERT INTO MAJOR(ID, MIN_SCORE, NAME, CITY_ID) VALUES (3, 73, 'Elektrotehnika i računarstvo; Elektrotehnički fakultet', 0);
INSERT INTO MAJOR_AREA(MAJOR_ID, CAREER_AREA_ID) VALUES (3, 3);

INSERT INTO MAJOR(ID, MIN_SCORE, NAME, CITY_ID) VALUES (4, 79, 'Softversko inženjerstvo; Elektrotehnički fakultet', 0);
INSERT INTO MAJOR_AREA(MAJOR_ID, CAREER_AREA_ID) VALUES (4, 3);

INSERT INTO MAJOR(ID, MIN_SCORE, NAME, CITY_ID) VALUES (5, 92, 'Farmacija; Farmaceutski fakultet', 0);
INSERT INTO MAJOR_AREA(MAJOR_ID, CAREER_AREA_ID) VALUES (5, 7);

INSERT INTO MAJOR(ID, MIN_SCORE, NAME, CITY_ID) VALUES (6, 100, 'Defektologija; Fakultet za specijalnu edukaciju i rehabilitaciju', 0);
INSERT INTO MAJOR_AREA(MAJOR_ID, CAREER_AREA_ID) VALUES (6, 7);
INSERT INTO MAJOR_AREA(MAJOR_ID, CAREER_AREA_ID) VALUES (6, 8);

INSERT INTO MAJOR(ID, MIN_SCORE, NAME, CITY_ID) VALUES (7, 74, 'Logopedija; Fakultet za specijalnu edukaciju i rehabilitaciju', 0);
INSERT INTO MAJOR_AREA(MAJOR_ID, CAREER_AREA_ID) VALUES (7, 7);
INSERT INTO MAJOR_AREA(MAJOR_ID, CAREER_AREA_ID) VALUES (7, 8);

INSERT INTO MAJOR(ID, MIN_SCORE, NAME, CITY_ID) VALUES (8, 91, 'Spacijalna edukacija i rahabilitacija osoba sa teškoćama u mentalnom razvoju; Fakultet za specijalnu edukaciju i rehabilitaciju', 0);
INSERT INTO MAJOR_AREA(MAJOR_ID, CAREER_AREA_ID) VALUES (8, 7);
INSERT INTO MAJOR_AREA(MAJOR_ID, CAREER_AREA_ID) VALUES (8, 8);

INSERT INTO MAJOR(ID, MIN_SCORE, NAME, CITY_ID) VALUES (9, 77, 'Studije nauka bezbednosti; Fakultet bezbednosti', 0);
INSERT INTO MAJOR_AREA(MAJOR_ID, CAREER_AREA_ID) VALUES (9, 7);
INSERT INTO MAJOR_AREA(MAJOR_ID, CAREER_AREA_ID) VALUES (9, 2);
INSERT INTO MAJOR_AREA(MAJOR_ID, CAREER_AREA_ID) VALUES (9, 1);

INSERT INTO MAJOR(ID, MIN_SCORE, NAME, CITY_ID) VALUES (10, 65, 'Fizička hemija; Fakultet za fizičku hemiju', 0);
INSERT INTO MAJOR_AREA(MAJOR_ID, CAREER_AREA_ID) VALUES (10, 7);

INSERT INTO MAJOR(ID, MIN_SCORE, NAME, CITY_ID) VALUES (11, 79, 'Srpski jezik i književnost; Filološki fakultet', 0);
INSERT INTO MAJOR_AREA(MAJOR_ID, CAREER_AREA_ID) VALUES (11, 6);
INSERT INTO MAJOR_AREA(MAJOR_ID, CAREER_AREA_ID) VALUES (11, 5);

INSERT INTO MAJOR(ID, MIN_SCORE, NAME, CITY_ID) VALUES (12, 79, 'Spska književnost i jezik; Filološki fakultet', 0);
INSERT INTO MAJOR_AREA(MAJOR_ID, CAREER_AREA_ID) VALUES (12, 6);
INSERT INTO MAJOR_AREA(MAJOR_ID, CAREER_AREA_ID) VALUES (12, 5);

INSERT INTO MAJOR(ID, MIN_SCORE, NAME, CITY_ID) VALUES (13, 86, 'Srpska književnost i jezik sa komaratistikom; Filološki fakultet', 0);
INSERT INTO MAJOR_AREA(MAJOR_ID, CAREER_AREA_ID) VALUES (13, 6);
INSERT INTO MAJOR_AREA(MAJOR_ID, CAREER_AREA_ID) VALUES (13, 5);

INSERT INTO MAJOR(ID, MIN_SCORE, NAME, CITY_ID) VALUES (14, 70, 'Jezik, književnost, kutura; Filološki fakultet', 0);
INSERT INTO MAJOR_AREA(MAJOR_ID, CAREER_AREA_ID) VALUES (14, 6);
INSERT INTO MAJOR_AREA(MAJOR_ID, CAREER_AREA_ID) VALUES (14, 5);

INSERT INTO MAJOR(ID, MIN_SCORE, NAME, CITY_ID) VALUES (15, 67, 'Filozofija; Filozofski fakultet', 0);
INSERT INTO MAJOR_AREA(MAJOR_ID, CAREER_AREA_ID) VALUES (15, 6);
INSERT INTO MAJOR_AREA(MAJOR_ID, CAREER_AREA_ID) VALUES (15, 5);

INSERT INTO MAJOR(ID, MIN_SCORE, NAME, CITY_ID) VALUES (16, 97, 'Sociologija; Filozofski fakultet', 0);
INSERT INTO MAJOR_AREA(MAJOR_ID, CAREER_AREA_ID) VALUES (16, 6);
INSERT INTO MAJOR_AREA(MAJOR_ID, CAREER_AREA_ID) VALUES (16, 5);

INSERT INTO MAJOR(ID, MIN_SCORE, NAME, CITY_ID) VALUES (17, 87, 'Psihologija; Filozofski fakultet', 0);
INSERT INTO MAJOR_AREA(MAJOR_ID, CAREER_AREA_ID) VALUES (17, 6);
INSERT INTO MAJOR_AREA(MAJOR_ID, CAREER_AREA_ID) VALUES (17, 8);

INSERT INTO MAJOR(ID, MIN_SCORE, NAME, CITY_ID) VALUES (18, 83, 'Pedagogija; Filozofski fakultet', 0);
INSERT INTO MAJOR_AREA(MAJOR_ID, CAREER_AREA_ID) VALUES (18, 6);
INSERT INTO MAJOR_AREA(MAJOR_ID, CAREER_AREA_ID) VALUES (18, 8);

INSERT INTO MAJOR(ID, MIN_SCORE, NAME, CITY_ID) VALUES (19, 85, 'Klasične nauke; Filozofski fakultet', 0);
INSERT INTO MAJOR_AREA(MAJOR_ID, CAREER_AREA_ID) VALUES (19, 6);
INSERT INTO MAJOR_AREA(MAJOR_ID, CAREER_AREA_ID) VALUES (19, 5);

INSERT INTO MAJOR(ID, MIN_SCORE, NAME, CITY_ID) VALUES (20, 83, 'Istorija umetnosti; Filozofski fakultet', 0);
INSERT INTO MAJOR_AREA(MAJOR_ID, CAREER_AREA_ID) VALUES (20, 6);
INSERT INTO MAJOR_AREA(MAJOR_ID, CAREER_AREA_ID) VALUES (20, 5);

INSERT INTO MAJOR(ID, MIN_SCORE, NAME, CITY_ID) VALUES (21, 100, 'Istorija; Filozofski fakultet', 0);
INSERT INTO MAJOR_AREA(MAJOR_ID, CAREER_AREA_ID) VALUES (21, 6);

INSERT INTO MAJOR(ID, MIN_SCORE, NAME, CITY_ID) VALUES (22, 91, 'Etnologija i antropologija; Filozofski fakultet', 0);
INSERT INTO MAJOR_AREA(MAJOR_ID, CAREER_AREA_ID) VALUES (22, 6);
INSERT INTO MAJOR_AREA(MAJOR_ID, CAREER_AREA_ID) VALUES (22, 5);

INSERT INTO MAJOR(ID, MIN_SCORE, NAME, CITY_ID) VALUES (23, 78, 'Arheologija; Filozofski fakultet', 0);
INSERT INTO MAJOR_AREA(MAJOR_ID, CAREER_AREA_ID) VALUES (23, 7);

INSERT INTO MAJOR(ID, MIN_SCORE, NAME, CITY_ID) VALUES (24, 66, 'Andragogija; Filozofski fakultet', 0);
INSERT INTO MAJOR_AREA(MAJOR_ID, CAREER_AREA_ID) VALUES (24, 7);
INSERT INTO MAJOR_AREA(MAJOR_ID, CAREER_AREA_ID) VALUES (24, 6);

INSERT INTO MAJOR(ID, MIN_SCORE, NAME, CITY_ID) VALUES (25, 71, 'Opšta fizika; Fizički fakultet', 0);
INSERT INTO MAJOR_AREA(MAJOR_ID, CAREER_AREA_ID) VALUES (25, 7);

INSERT INTO MAJOR(ID, MIN_SCORE, NAME, CITY_ID) VALUES (26, 81, 'Teorijska i eksperimentalna fizika; Fizički fakultet', 0);
INSERT INTO MAJOR_AREA(MAJOR_ID, CAREER_AREA_ID) VALUES (26, 7);

INSERT INTO MAJOR(ID, MIN_SCORE, NAME, CITY_ID) VALUES (27, 96, 'Primenjena i kompjuterska fizika; Fizički fakultet', 0);
INSERT INTO MAJOR_AREA(MAJOR_ID, CAREER_AREA_ID) VALUES (27, 7);
INSERT INTO MAJOR_AREA(MAJOR_ID, CAREER_AREA_ID) VALUES (27, 3);

INSERT INTO MAJOR(ID, MIN_SCORE, NAME, CITY_ID) VALUES (28, 94, 'Meteorologija; Fizički fakultet', 0);
INSERT INTO MAJOR_AREA(MAJOR_ID, CAREER_AREA_ID) VALUES (28, 7);

INSERT INTO MAJOR(ID, MIN_SCORE, NAME, CITY_ID) VALUES (29, 60, 'Informacioni sistemi i tehnologije; Fakultet organizacionih nauka', 0);
INSERT INTO MAJOR_AREA(MAJOR_ID, CAREER_AREA_ID) VALUES (29, 3);

INSERT INTO MAJOR(ID, MIN_SCORE, NAME, CITY_ID) VALUES (30, 85, 'Menadžment i organizacija; Fakultet organizacionih nauka', 0);
INSERT INTO MAJOR_AREA(MAJOR_ID, CAREER_AREA_ID) VALUES (30, 1);

INSERT INTO MAJOR(ID, MIN_SCORE, NAME, CITY_ID) VALUES (31, 98, 'Studije politikologije; Fakultet političkih nauka', 0);
INSERT INTO MAJOR_AREA(MAJOR_ID, CAREER_AREA_ID) VALUES (31, 1);

INSERT INTO MAJOR(ID, MIN_SCORE, NAME, CITY_ID) VALUES (32, 100, 'Međunarodne studije; Fakultet političkih nauka', 0);
INSERT INTO MAJOR_AREA(MAJOR_ID, CAREER_AREA_ID) VALUES (32, 1);

INSERT INTO MAJOR(ID, MIN_SCORE, NAME, CITY_ID) VALUES (33, 83, 'Studije novinarstva; Fakultet političkih nauka', 0);
INSERT INTO MAJOR_AREA(MAJOR_ID, CAREER_AREA_ID) VALUES (33, 6);

INSERT INTO MAJOR(ID, MIN_SCORE, NAME, CITY_ID) VALUES (34, 97, 'Studije socijalne politike i socijalnog rada; Fakultet političkih nauka', 0);
INSERT INTO MAJOR_AREA(MAJOR_ID, CAREER_AREA_ID) VALUES (34, 1);

INSERT INTO MAJOR(ID, MIN_SCORE, NAME, CITY_ID) VALUES (35, 89, 'Fizičko vaspitanje i sport; Fakultet sporta i fizičkog vaspitanja', 0);
INSERT INTO MAJOR_AREA(MAJOR_ID, CAREER_AREA_ID) VALUES (35, 11);

INSERT INTO MAJOR(ID, MIN_SCORE, NAME, CITY_ID) VALUES (36, 74, 'Veterinarska medicina; Fakultet veterinarske medicine', 0);
INSERT INTO MAJOR_AREA(MAJOR_ID, CAREER_AREA_ID) VALUES (36, 7);

INSERT INTO MAJOR(ID, MIN_SCORE, NAME, CITY_ID) VALUES (37, 82, 'Geografija; Geografski fakultet', 0);
INSERT INTO MAJOR_AREA(MAJOR_ID, CAREER_AREA_ID) VALUES (37, 7);

INSERT INTO MAJOR(ID, MIN_SCORE, NAME, CITY_ID) VALUES (38, 69, 'Prostorno planiranje; Geografski fakultet', 0);
INSERT INTO MAJOR_AREA(MAJOR_ID, CAREER_AREA_ID) VALUES (38, 1);
INSERT INTO MAJOR_AREA(MAJOR_ID, CAREER_AREA_ID) VALUES (38, 7);

INSERT INTO MAJOR(ID, MIN_SCORE, NAME, CITY_ID) VALUES (39, 96, 'Turizmologija; Georgafski fakultet', 0);
INSERT INTO MAJOR_AREA(MAJOR_ID, CAREER_AREA_ID) VALUES (39, 12);
INSERT INTO MAJOR_AREA(MAJOR_ID, CAREER_AREA_ID) VALUES (39, 5);

INSERT INTO MAJOR(ID, MIN_SCORE, NAME, CITY_ID) VALUES (40, 80, 'Demografija; Geografski fakultet', 0);
INSERT INTO MAJOR_AREA(MAJOR_ID, CAREER_AREA_ID) VALUES (40, 7);

INSERT INTO MAJOR(ID, MIN_SCORE, NAME, CITY_ID) VALUES (41, 66, 'Geoprostorne osnove životne sredine; Geografski fakultet', 0);
INSERT INTO MAJOR_AREA(MAJOR_ID, CAREER_AREA_ID) VALUES (41, 7);

INSERT INTO MAJOR(ID, MIN_SCORE, NAME, CITY_ID) VALUES (42, 94, 'Građevinarstvo; Građevinski fakultet', 0);
INSERT INTO MAJOR_AREA(MAJOR_ID, CAREER_AREA_ID) VALUES (42, 3);
INSERT INTO MAJOR_AREA(MAJOR_ID, CAREER_AREA_ID) VALUES (42, 10);

INSERT INTO MAJOR(ID, MIN_SCORE, NAME, CITY_ID) VALUES (43, 64, 'Geodezija; Građevinski fakultet', 0);
INSERT INTO MAJOR_AREA(MAJOR_ID, CAREER_AREA_ID) VALUES (43, 7);

INSERT INTO MAJOR(ID, MIN_SCORE, NAME, CITY_ID) VALUES (44, 82, 'Geoinformatika; Građevinski fakultet', 0);
INSERT INTO MAJOR_AREA(MAJOR_ID, CAREER_AREA_ID) VALUES (44, 7);
INSERT INTO MAJOR_AREA(MAJOR_ID, CAREER_AREA_ID) VALUES (44, 3);

INSERT INTO MAJOR(ID, MIN_SCORE, NAME, CITY_ID) VALUES (45, 97, 'Hemija; Hemijski fakultet', 0);
INSERT INTO MAJOR_AREA(MAJOR_ID, CAREER_AREA_ID) VALUES (45, 7);

INSERT INTO MAJOR(ID, MIN_SCORE, NAME, CITY_ID) VALUES (46, 96, 'Biohemija; Hemijski fakultet', 0);
INSERT INTO MAJOR_AREA(MAJOR_ID, CAREER_AREA_ID) VALUES (46, 7);

INSERT INTO MAJOR(ID, MIN_SCORE, NAME, CITY_ID) VALUES (47, 87, 'Hemija životne sredine; Hemijski fakultet', 0);
INSERT INTO MAJOR_AREA(MAJOR_ID, CAREER_AREA_ID) VALUES (47, 7);

INSERT INTO MAJOR(ID, MIN_SCORE, NAME, CITY_ID) VALUES (48, 82, 'Nastava hemije; Hemijski fakultet', 0);
INSERT INTO MAJOR_AREA(MAJOR_ID, CAREER_AREA_ID) VALUES (48, 7);
INSERT INTO MAJOR_AREA(MAJOR_ID, CAREER_AREA_ID) VALUES (48, 8);

INSERT INTO MAJOR(ID, MIN_SCORE, NAME, CITY_ID) VALUES (49, 95, 'Mašinsko inženjerstvo; Mašinski fakultet', 0);
INSERT INTO MAJOR_AREA(MAJOR_ID, CAREER_AREA_ID) VALUES (49, 3);

INSERT INTO MAJOR(ID, MIN_SCORE, NAME, CITY_ID) VALUES (50, 68, 'Informacione tehnologije u mašinstvu; Mašinski fakultet', 0);
INSERT INTO MAJOR_AREA(MAJOR_ID, CAREER_AREA_ID) VALUES (50, 3);

INSERT INTO MAJOR(ID, MIN_SCORE, NAME, CITY_ID) VALUES (51, 58, 'Matematika; Matematički fakultet', 0);
INSERT INTO MAJOR_AREA(MAJOR_ID, CAREER_AREA_ID) VALUES (51, 7);

INSERT INTO MAJOR(ID, MIN_SCORE, NAME, CITY_ID) VALUES (52, 87, 'Astronomija i astrofizika; Matematički fakultet', 0);
INSERT INTO MAJOR_AREA(MAJOR_ID, CAREER_AREA_ID) VALUES (52, 7);

INSERT INTO MAJOR(ID, MIN_SCORE, NAME, CITY_ID) VALUES (53, 76, 'Informatika; Matematički fakultet', 0);
INSERT INTO MAJOR_AREA(MAJOR_ID, CAREER_AREA_ID) VALUES (53, 7);

INSERT INTO MAJOR(ID, MIN_SCORE, NAME, CITY_ID) VALUES (54, 98, 'Sestrinstvo; Medicinski fakultet', 0);
INSERT INTO MAJOR_AREA(MAJOR_ID, CAREER_AREA_ID) VALUES (54, 8);

INSERT INTO MAJOR(ID, MIN_SCORE, NAME, CITY_ID) VALUES (55, 96, 'Integrisane akademske studije medicine; Medincinski fakultet', 0);
INSERT INTO MAJOR_AREA(MAJOR_ID, CAREER_AREA_ID) VALUES (55, 7);
INSERT INTO MAJOR_AREA(MAJOR_ID, CAREER_AREA_ID) VALUES (55, 8);

INSERT INTO MAJOR(ID, MIN_SCORE, NAME, CITY_ID) VALUES (56, 78, 'Fizioterapeut; Medicinski fakultet', 0);
INSERT INTO MAJOR_AREA(MAJOR_ID, CAREER_AREA_ID) VALUES (56, 8);

INSERT INTO MAJOR(ID, MIN_SCORE, NAME, CITY_ID) VALUES (57, 78, 'Biljna proizvodnja; Poljoprivredni fakultet', 0);
INSERT INTO MAJOR_AREA(MAJOR_ID, CAREER_AREA_ID) VALUES (57, 9);

INSERT INTO MAJOR(ID, MIN_SCORE, NAME, CITY_ID) VALUES (58, 64, 'Hortikultura; Poljoprivredni fakultet', 0);
INSERT INTO MAJOR_AREA(MAJOR_ID, CAREER_AREA_ID) VALUES (58, 9);

INSERT INTO MAJOR(ID, MIN_SCORE, NAME, CITY_ID) VALUES (59, 88, 'Zootehnika; Poljoprivredni fakultet', 0);
INSERT INTO MAJOR_AREA(MAJOR_ID, CAREER_AREA_ID) VALUES (59, 3);
INSERT INTO MAJOR_AREA(MAJOR_ID, CAREER_AREA_ID) VALUES (59, 9);

INSERT INTO MAJOR(ID, MIN_SCORE, NAME, CITY_ID) VALUES (60, 77, 'Agroekonimija; Poljoprivredni fakultet', 0);
INSERT INTO MAJOR_AREA(MAJOR_ID, CAREER_AREA_ID) VALUES (60, 1);
INSERT INTO MAJOR_AREA(MAJOR_ID, CAREER_AREA_ID) VALUES (60, 9);

INSERT INTO MAJOR(ID, MIN_SCORE, NAME, CITY_ID) VALUES (61, 91, 'Prehrembena tehnologija; Poljoprivredni fakultet', 0);
INSERT INTO MAJOR_AREA(MAJOR_ID, CAREER_AREA_ID) VALUES (61, 3);
INSERT INTO MAJOR_AREA(MAJOR_ID, CAREER_AREA_ID) VALUES (61, 9);

INSERT INTO MAJOR(ID, MIN_SCORE, NAME, CITY_ID) VALUES (62, 87, 'Biotehnički i informacioni inženjering; Poljoprivredni fakultet', 0);
INSERT INTO MAJOR_AREA(MAJOR_ID, CAREER_AREA_ID) VALUES (62, 3);
INSERT INTO MAJOR_AREA(MAJOR_ID, CAREER_AREA_ID) VALUES (62, 9);

INSERT INTO MAJOR(ID, MIN_SCORE, NAME, CITY_ID) VALUES (63, 75, 'Zaštita životne sredine u proizvodnji hrane; Poljoprivredni fakultet', 0);
INSERT INTO MAJOR_AREA(MAJOR_ID, CAREER_AREA_ID) VALUES (63, 3);
INSERT INTO MAJOR_AREA(MAJOR_ID, CAREER_AREA_ID) VALUES (63, 9);

INSERT INTO MAJOR(ID, MIN_SCORE, NAME, CITY_ID) VALUES (64, 82, 'Fitomedicina; Poljoprivredni fakultet', 0);
INSERT INTO MAJOR_AREA(MAJOR_ID, CAREER_AREA_ID) VALUES (64, 7);
INSERT INTO MAJOR_AREA(MAJOR_ID, CAREER_AREA_ID) VALUES (64, 9);

INSERT INTO MAJOR(ID, MIN_SCORE, NAME, CITY_ID) VALUES (65, 86, 'Pravo; Pravni fakultet', 0);
INSERT INTO MAJOR_AREA(MAJOR_ID, CAREER_AREA_ID) VALUES (65, 1);

INSERT INTO MAJOR(ID, MIN_SCORE, NAME, CITY_ID) VALUES (66, 69, 'Bogoslovsko-katihetski program; Pravoslavni bogoslovski fakultet', 0);
INSERT INTO MAJOR_AREA(MAJOR_ID, CAREER_AREA_ID) VALUES (66, 6);
INSERT INTO MAJOR_AREA(MAJOR_ID, CAREER_AREA_ID) VALUES (66, 5);

INSERT INTO MAJOR(ID, MIN_SCORE, NAME, CITY_ID) VALUES (67, 89, 'Bogoslovsko-pastirski program; Pravoslavni bogoslovski fakultet', 0);
INSERT INTO MAJOR_AREA(MAJOR_ID, CAREER_AREA_ID) VALUES (67, 6);
INSERT INTO MAJOR_AREA(MAJOR_ID, CAREER_AREA_ID) VALUES (67, 5);

INSERT INTO MAJOR(ID, MIN_SCORE, NAME, CITY_ID) VALUES (68, 95, 'Praktična teologija; Pravoslavni bogoslovski fakultet', 0);
INSERT INTO MAJOR_AREA(MAJOR_ID, CAREER_AREA_ID) VALUES (68, 6);
INSERT INTO MAJOR_AREA(MAJOR_ID, CAREER_AREA_ID) VALUES (68, 5);

INSERT INTO MAJOR(ID, MIN_SCORE, NAME, CITY_ID) VALUES (69, 63, 'Rudarsko inženjerstvo; Rudarsko-geološki fakultet', 0);
INSERT INTO MAJOR_AREA(MAJOR_ID, CAREER_AREA_ID) VALUES (69, 3);

INSERT INTO MAJOR(ID, MIN_SCORE, NAME, CITY_ID) VALUES (70, 66, 'Inženjerstvo žastite životne sredine; Rudarsko-geološki fakultet', 0);
INSERT INTO MAJOR_AREA(MAJOR_ID, CAREER_AREA_ID) VALUES (70, 3);

INSERT INTO MAJOR(ID, MIN_SCORE, NAME, CITY_ID) VALUES (71, 74, 'Inženjerstvo nafte i gasa; Rudarsko-geološki fakultet', 0);
INSERT INTO MAJOR_AREA(MAJOR_ID, CAREER_AREA_ID) VALUES (71, 3);

INSERT INTO MAJOR(ID, MIN_SCORE, NAME, CITY_ID) VALUES (72, 84, 'Geologija; Rudarsko-geološki fakultet', 0);
INSERT INTO MAJOR_AREA(MAJOR_ID, CAREER_AREA_ID) VALUES (72, 7);

INSERT INTO MAJOR(ID, MIN_SCORE, NAME, CITY_ID) VALUES (73, 56, 'Hidrogeologija; Rudarsko-geološki fakultet', 0);
INSERT INTO MAJOR_AREA(MAJOR_ID, CAREER_AREA_ID) VALUES (73, 7);

INSERT INTO MAJOR(ID, MIN_SCORE, NAME, CITY_ID) VALUES (74, 99, 'Geotehnika; Rudarsko-geološki fakultet', 0);
INSERT INTO MAJOR_AREA(MAJOR_ID, CAREER_AREA_ID) VALUES (74, 3);

INSERT INTO MAJOR(ID, MIN_SCORE, NAME, CITY_ID) VALUES (75, 94, 'Geofizika; Rudarsko-geološki fakultet', 0);
INSERT INTO MAJOR_AREA(MAJOR_ID, CAREER_AREA_ID) VALUES (75, 7);

INSERT INTO MAJOR(ID, MIN_SCORE, NAME, CITY_ID) VALUES (76, 62, 'Istraživanje ležišta mineralnih sirovina; Rudarsko-geološki fakultet', 0);
INSERT INTO MAJOR_AREA(MAJOR_ID, CAREER_AREA_ID) VALUES (76, 7);
INSERT INTO MAJOR_AREA(MAJOR_ID, CAREER_AREA_ID) VALUES (76, 10);

INSERT INTO MAJOR(ID, MIN_SCORE, NAME, CITY_ID) VALUES (77, 61, 'Saobraćaj; Saobraćajni fakultet', 0);
INSERT INTO MAJOR_AREA(MAJOR_ID, CAREER_AREA_ID) VALUES (77, 3);
INSERT INTO MAJOR_AREA(MAJOR_ID, CAREER_AREA_ID) VALUES (77, 1);

INSERT INTO MAJOR(ID, MIN_SCORE, NAME, CITY_ID) VALUES (78, 99, 'Zubni tehničar - protetičar; Stomatološki fakultet', 0);
INSERT INTO MAJOR_AREA(MAJOR_ID, CAREER_AREA_ID) VALUES (78, 7);
INSERT INTO MAJOR_AREA(MAJOR_ID, CAREER_AREA_ID) VALUES (78, 8);
INSERT INTO MAJOR_AREA(MAJOR_ID, CAREER_AREA_ID) VALUES (78, 10);

INSERT INTO MAJOR(ID, MIN_SCORE, NAME, CITY_ID) VALUES (79, 82, 'Integrisen studije stomatologije; Stomatološki fakultet', 0);
INSERT INTO MAJOR_AREA(MAJOR_ID, CAREER_AREA_ID) VALUES (79, 7);
INSERT INTO MAJOR_AREA(MAJOR_ID, CAREER_AREA_ID) VALUES (79, 8);
INSERT INTO MAJOR_AREA(MAJOR_ID, CAREER_AREA_ID) VALUES (79, 10);

INSERT INTO MAJOR(ID, MIN_SCORE, NAME, CITY_ID) VALUES (80, 75, 'Šumarstvo; Šumarski fakultet', 0);
INSERT INTO MAJOR_AREA(MAJOR_ID, CAREER_AREA_ID) VALUES (80, 8);
INSERT INTO MAJOR_AREA(MAJOR_ID, CAREER_AREA_ID) VALUES (80, 10);

INSERT INTO MAJOR(ID, MIN_SCORE, NAME, CITY_ID) VALUES (81, 66, 'Tehnologije, menađment i projektovanje nameštaja proizvodnja od drveta; Šumarski fakultet', 0);
INSERT INTO MAJOR_AREA(MAJOR_ID, CAREER_AREA_ID) VALUES (81, 3);
INSERT INTO MAJOR_AREA(MAJOR_ID, CAREER_AREA_ID) VALUES (81, 1);
INSERT INTO MAJOR_AREA(MAJOR_ID, CAREER_AREA_ID) VALUES (81, 4);

INSERT INTO MAJOR(ID, MIN_SCORE, NAME, CITY_ID) VALUES (82, 68, 'Pejzažna arhitektura; Šumarski fakultet', 0);
INSERT INTO MAJOR_AREA(MAJOR_ID, CAREER_AREA_ID) VALUES (82, 4);

INSERT INTO MAJOR(ID, MIN_SCORE, NAME, CITY_ID) VALUES (83, 59, 'Biohemijsko inženjerstvo i beotehnika; Tehnološko-metalurški fakultet', 0);
INSERT INTO MAJOR_AREA(MAJOR_ID, CAREER_AREA_ID) VALUES (83, 7);
INSERT INTO MAJOR_AREA(MAJOR_ID, CAREER_AREA_ID) VALUES (83, 3);

INSERT INTO MAJOR(ID, MIN_SCORE, NAME, CITY_ID) VALUES (84, 55, 'Inženjerstvo materijala; Tehnološko-metalurški fakultet', 0);
INSERT INTO MAJOR_AREA(MAJOR_ID, CAREER_AREA_ID) VALUES (84, 7);
INSERT INTO MAJOR_AREA(MAJOR_ID, CAREER_AREA_ID) VALUES (84, 3);

INSERT INTO MAJOR(ID, MIN_SCORE, NAME, CITY_ID) VALUES (85, 58, 'Inženjerstvo zaštite životne sredine; Tehnološko-metalurški fakultet', 0);
INSERT INTO MAJOR_AREA(MAJOR_ID, CAREER_AREA_ID) VALUES (85, 7);
INSERT INTO MAJOR_AREA(MAJOR_ID, CAREER_AREA_ID) VALUES (85, 2);

INSERT INTO MAJOR(ID, MIN_SCORE, NAME, CITY_ID) VALUES (86, 75, 'Metalurški inženjering; Tehnološko-metalurški fakultet', 0);
INSERT INTO MAJOR_AREA(MAJOR_ID, CAREER_AREA_ID) VALUES (86, 3);

INSERT INTO MAJOR(ID, MIN_SCORE, NAME, CITY_ID) VALUES (87, 67, 'Tekstilna tehnologija; Tehnološko-metalurški fakultet', 0);
INSERT INTO MAJOR_AREA(MAJOR_ID, CAREER_AREA_ID) VALUES (87, 3);

INSERT INTO MAJOR(ID, MIN_SCORE, NAME, CITY_ID) VALUES (88, 93, 'Hemijsko inženjerstvo; Tehnološko-metalurški fakultet', 0);
INSERT INTO MAJOR_AREA(MAJOR_ID, CAREER_AREA_ID) VALUES (88, 7);

INSERT INTO MAJOR(ID, MIN_SCORE, NAME, CITY_ID) VALUES (89, 92, 'Obrazovanje učitelja; Učiteljski fakultet', 0);
INSERT INTO MAJOR_AREA(MAJOR_ID, CAREER_AREA_ID) VALUES (89, 5);
INSERT INTO MAJOR_AREA(MAJOR_ID, CAREER_AREA_ID) VALUES (89, 8);

INSERT INTO MAJOR(ID, MIN_SCORE, NAME, CITY_ID) VALUES (90, 58, 'Obrazovanje vaspitača; Učiteljski fakultet', 0);
INSERT INTO MAJOR_AREA(MAJOR_ID, CAREER_AREA_ID) VALUES (90, 5);
INSERT INTO MAJOR_AREA(MAJOR_ID, CAREER_AREA_ID) VALUES (90, 8);

INSERT INTO MAJOR(ID, MIN_SCORE, NAME, CITY_ID) VALUES (91, 69, 'Rudarsko inženjerstvo; Tehnički fakultet', 1);
INSERT INTO MAJOR_AREA(MAJOR_ID, CAREER_AREA_ID) VALUES (91, 3);

INSERT INTO MAJOR(ID, MIN_SCORE, NAME, CITY_ID) VALUES (92, 67, 'Metalurško inženjerstvo; Tehnički fakultet', 1);
INSERT INTO MAJOR_AREA(MAJOR_ID, CAREER_AREA_ID) VALUES (92, 3);

INSERT INTO MAJOR(ID, MIN_SCORE, NAME, CITY_ID) VALUES (93, 99, 'Tehnološko inženjerstvo; Tehnički fakultet', 1);
INSERT INTO MAJOR_AREA(MAJOR_ID, CAREER_AREA_ID) VALUES (93, 3);

INSERT INTO MAJOR(ID, MIN_SCORE, NAME, CITY_ID) VALUES (94, 59, 'Inženjerski menadžment; Tehnički fakultet', 1);
INSERT INTO MAJOR_AREA(MAJOR_ID, CAREER_AREA_ID) VALUES (94, 1);

INSERT INTO MAJOR(ID, MIN_SCORE, NAME, CITY_ID) VALUES (95, 76, 'Nemački jezik i književnost; Filozofski fakultet', 2);
INSERT INTO MAJOR_AREA(MAJOR_ID, CAREER_AREA_ID) VALUES (95, 6);
INSERT INTO MAJOR_AREA(MAJOR_ID, CAREER_AREA_ID) VALUES (95, 5);

INSERT INTO MAJOR(ID, MIN_SCORE, NAME, CITY_ID) VALUES (96, 97, 'Istorija; Filozofski fakultet', 2);
INSERT INTO MAJOR_AREA(MAJOR_ID, CAREER_AREA_ID) VALUES (96, 6);
INSERT INTO MAJOR_AREA(MAJOR_ID, CAREER_AREA_ID) VALUES (96, 5);

INSERT INTO MAJOR(ID, MIN_SCORE, NAME, CITY_ID) VALUES (97, 67, 'Engleski jezik i književnost; Filozofski fakultet', 2);
INSERT INTO MAJOR_AREA(MAJOR_ID, CAREER_AREA_ID) VALUES (97, 6);
INSERT INTO MAJOR_AREA(MAJOR_ID, CAREER_AREA_ID) VALUES (97, 5);

INSERT INTO MAJOR(ID, MIN_SCORE, NAME, CITY_ID) VALUES (98, 74, 'Žurnalistika; Filozofski fakultet', 2);
INSERT INTO MAJOR_AREA(MAJOR_ID, CAREER_AREA_ID) VALUES (98, 6);
INSERT INTO MAJOR_AREA(MAJOR_ID, CAREER_AREA_ID) VALUES (98, 5);

INSERT INTO MAJOR(ID, MIN_SCORE, NAME, CITY_ID) VALUES (99, 61, 'Pedagogija; Filozofski fakultet', 2);
INSERT INTO MAJOR_AREA(MAJOR_ID, CAREER_AREA_ID) VALUES (99, 6);
INSERT INTO MAJOR_AREA(MAJOR_ID, CAREER_AREA_ID) VALUES (99, 8);

INSERT INTO MAJOR(ID, MIN_SCORE, NAME, CITY_ID) VALUES (100, 99, 'Francuski jezik i književnost sa drugim romanskim jezicima i kulturom; Filozofski fakultet', 2);
INSERT INTO MAJOR_AREA(MAJOR_ID, CAREER_AREA_ID) VALUES (100, 6);
INSERT INTO MAJOR_AREA(MAJOR_ID, CAREER_AREA_ID) VALUES (100, 5);

INSERT INTO MAJOR(ID, MIN_SCORE, NAME, CITY_ID) VALUES (101, 86, 'Filozofija; Filozofski fakultet', 2);
INSERT INTO MAJOR_AREA(MAJOR_ID, CAREER_AREA_ID) VALUES (101, 6);
INSERT INTO MAJOR_AREA(MAJOR_ID, CAREER_AREA_ID) VALUES (101, 5);

INSERT INTO MAJOR(ID, MIN_SCORE, NAME, CITY_ID) VALUES (102, 72, 'Komparativna književnost sa teorijom književnosti; Filozofski fakultet', 2);
INSERT INTO MAJOR_AREA(MAJOR_ID, CAREER_AREA_ID) VALUES (102, 6);
INSERT INTO MAJOR_AREA(MAJOR_ID, CAREER_AREA_ID) VALUES (102, 5);

INSERT INTO MAJOR(ID, MIN_SCORE, NAME, CITY_ID) VALUES (103, 56, 'Komunikologija i odnosi sa javnošću; Filozofski fakultet', 2);
INSERT INTO MAJOR_AREA(MAJOR_ID, CAREER_AREA_ID) VALUES (103, 6);
INSERT INTO MAJOR_AREA(MAJOR_ID, CAREER_AREA_ID) VALUES (103, 5);

INSERT INTO MAJOR(ID, MIN_SCORE, NAME, CITY_ID) VALUES (104, 69, 'Psihologija; Filozofski fakultet', 2);
INSERT INTO MAJOR_AREA(MAJOR_ID, CAREER_AREA_ID) VALUES (104, 6);
INSERT INTO MAJOR_AREA(MAJOR_ID, CAREER_AREA_ID) VALUES (104, 8);

INSERT INTO MAJOR(ID, MIN_SCORE, NAME, CITY_ID) VALUES (105, 67, 'Sociologija; Filozofski fakultet', 2);
INSERT INTO MAJOR_AREA(MAJOR_ID, CAREER_AREA_ID) VALUES (105, 6);
INSERT INTO MAJOR_AREA(MAJOR_ID, CAREER_AREA_ID) VALUES (105, 5);

INSERT INTO MAJOR(ID, MIN_SCORE, NAME, CITY_ID) VALUES (106, 79, 'Srpska književnost i jezik; Filozofski fakultet', 2);
INSERT INTO MAJOR_AREA(MAJOR_ID, CAREER_AREA_ID) VALUES (106, 6);
INSERT INTO MAJOR_AREA(MAJOR_ID, CAREER_AREA_ID) VALUES (106, 5);

INSERT INTO MAJOR(ID, MIN_SCORE, NAME, CITY_ID) VALUES (107, 90, 'Kulturologija; Filozofski fakultet', 2);
INSERT INTO MAJOR_AREA(MAJOR_ID, CAREER_AREA_ID) VALUES (107, 5);

INSERT INTO MAJOR(ID, MIN_SCORE, NAME, CITY_ID) VALUES (108, 63, 'Ratarstvo i povrtarstvo; Poljoprivredni fakultet', 2);
INSERT INTO MAJOR_AREA(MAJOR_ID, CAREER_AREA_ID) VALUES (108, 9);

INSERT INTO MAJOR(ID, MIN_SCORE, NAME, CITY_ID) VALUES (109, 98, 'Animalna proizvodnja; Poljoprivredni fakultet', 2);
INSERT INTO MAJOR_AREA(MAJOR_ID, CAREER_AREA_ID) VALUES (109, 9);
INSERT INTO MAJOR_AREA(MAJOR_ID, CAREER_AREA_ID) VALUES (109, 7);

INSERT INTO MAJOR(ID, MIN_SCORE, NAME, CITY_ID) VALUES (110, 96, 'Voćarstvo, vinogradarstvo i hortikultura; Poljoprivredni fakultet', 2);
INSERT INTO MAJOR_AREA(MAJOR_ID, CAREER_AREA_ID) VALUES (110, 9);
INSERT INTO MAJOR_AREA(MAJOR_ID, CAREER_AREA_ID) VALUES (110, 10);

INSERT INTO MAJOR(ID, MIN_SCORE, NAME, CITY_ID) VALUES (111, 69, 'Fitomedicina; Poljoprivredni fakultet', 2);
INSERT INTO MAJOR_AREA(MAJOR_ID, CAREER_AREA_ID) VALUES (111, 9);
INSERT INTO MAJOR_AREA(MAJOR_ID, CAREER_AREA_ID) VALUES (111, 10);

INSERT INTO MAJOR(ID, MIN_SCORE, NAME, CITY_ID) VALUES (112, 69, 'Poljoprivredna tehnika i informacioni sistemi; Poljoprivredni fakultet', 2);
INSERT INTO MAJOR_AREA(MAJOR_ID, CAREER_AREA_ID) VALUES (112, 9);
INSERT INTO MAJOR_AREA(MAJOR_ID, CAREER_AREA_ID) VALUES (112, 3);

INSERT INTO MAJOR(ID, MIN_SCORE, NAME, CITY_ID) VALUES (113, 62, 'Agroekonimija; Poljoprivredni fakultet', 2);
INSERT INTO MAJOR_AREA(MAJOR_ID, CAREER_AREA_ID) VALUES (113, 9);
INSERT INTO MAJOR_AREA(MAJOR_ID, CAREER_AREA_ID) VALUES (113, 1);

INSERT INTO MAJOR(ID, MIN_SCORE, NAME, CITY_ID) VALUES (114, 69, 'Pejzažna arhitektura; Poljoprivredni fakultet', 2);
INSERT INTO MAJOR_AREA(MAJOR_ID, CAREER_AREA_ID) VALUES (114, 4);

INSERT INTO MAJOR(ID, MIN_SCORE, NAME, CITY_ID) VALUES (115, 93, 'Organska poljoprivreda; Poljoprivredni fakultet', 2);
INSERT INTO MAJOR_AREA(MAJOR_ID, CAREER_AREA_ID) VALUES (115, 9);
INSERT INTO MAJOR_AREA(MAJOR_ID, CAREER_AREA_ID) VALUES (115, 7);

INSERT INTO MAJOR(ID, MIN_SCORE, NAME, CITY_ID) VALUES (116, 68, 'Opšti; Pravni fakultet', 2);
INSERT INTO MAJOR_AREA(MAJOR_ID, CAREER_AREA_ID) VALUES (116, 1);
INSERT INTO MAJOR_AREA(MAJOR_ID, CAREER_AREA_ID) VALUES (116, 6);

INSERT INTO MAJOR(ID, MIN_SCORE, NAME, CITY_ID) VALUES (117, 56, 'Unutrašnji poslovi; Pravni fakultet', 2);
INSERT INTO MAJOR_AREA(MAJOR_ID, CAREER_AREA_ID) VALUES (117, 1);
INSERT INTO MAJOR_AREA(MAJOR_ID, CAREER_AREA_ID) VALUES (117, 6);

INSERT INTO MAJOR(ID, MIN_SCORE, NAME, CITY_ID) VALUES (118, 56, 'Biotehnologija; Tehnološki fakultet', 2);
INSERT INTO MAJOR_AREA(MAJOR_ID, CAREER_AREA_ID) VALUES (118, 7);

INSERT INTO MAJOR(ID, MIN_SCORE, NAME, CITY_ID) VALUES (119, 80, 'Hemijsko inženjerstvo; Tehnološki fakultet', 2);
INSERT INTO MAJOR_AREA(MAJOR_ID, CAREER_AREA_ID) VALUES (119, 7);

INSERT INTO MAJOR(ID, MIN_SCORE, NAME, CITY_ID) VALUES (120, 58, 'Inženjerstvo materijala; Tehnološki fakultet', 2);
INSERT INTO MAJOR_AREA(MAJOR_ID, CAREER_AREA_ID) VALUES (120, 7);
INSERT INTO MAJOR_AREA(MAJOR_ID, CAREER_AREA_ID) VALUES (120, 3);

INSERT INTO MAJOR(ID, MIN_SCORE, NAME, CITY_ID) VALUES (121, 61, 'Ekonimija; Ekonimski fakultet', 3);
INSERT INTO MAJOR_AREA(MAJOR_ID, CAREER_AREA_ID) VALUES (121, 1);

INSERT INTO MAJOR(ID, MIN_SCORE, NAME, CITY_ID) VALUES (122, 76, 'Poslovna informatika; Ekonimski fakultet', 3);
INSERT INTO MAJOR_AREA(MAJOR_ID, CAREER_AREA_ID) VALUES (122, 1);

INSERT INTO MAJOR(ID, MIN_SCORE, NAME, CITY_ID) VALUES (123, 56, 'Animacija u inženjerstvu; Fakultet tehničkih nauka', 2);
INSERT INTO MAJOR_AREA(MAJOR_ID, CAREER_AREA_ID) VALUES (123, 3);
INSERT INTO MAJOR_AREA(MAJOR_ID, CAREER_AREA_ID) VALUES (123, 4);

INSERT INTO MAJOR(ID, MIN_SCORE, NAME, CITY_ID) VALUES (124, 83, 'Arhitektura; Fakultet tehničkih nauka', 2);
INSERT INTO MAJOR_AREA(MAJOR_ID, CAREER_AREA_ID) VALUES (124, 4);
INSERT INTO MAJOR_AREA(MAJOR_ID, CAREER_AREA_ID) VALUES (124, 3);

INSERT INTO MAJOR(ID, MIN_SCORE, NAME, CITY_ID) VALUES (125, 68, 'Biomedicinsko inženjerstvo; Fakultet tehničkih nauka', 2);
INSERT INTO MAJOR_AREA(MAJOR_ID, CAREER_AREA_ID) VALUES (125, 7);
INSERT INTO MAJOR_AREA(MAJOR_ID, CAREER_AREA_ID) VALUES (125, 3);

INSERT INTO MAJOR(ID, MIN_SCORE, NAME, CITY_ID) VALUES (126, 96, 'Energetika i procesna tehnika; Fakultet tehničkih nauka', 2);
INSERT INTO MAJOR_AREA(MAJOR_ID, CAREER_AREA_ID) VALUES (126, 3);

INSERT INTO MAJOR(ID, MIN_SCORE, NAME, CITY_ID) VALUES (127, 67, 'Energetika, elektronika i telekomunikacije; Fakultet tehničkih nauka', 2);
INSERT INTO MAJOR_AREA(MAJOR_ID, CAREER_AREA_ID) VALUES (127, 3);

INSERT INTO MAJOR(ID, MIN_SCORE, NAME, CITY_ID) VALUES (128, 64, 'Geodezija i geomatika; Fakultet tehničkih nauka', 2);
INSERT INTO MAJOR_AREA(MAJOR_ID, CAREER_AREA_ID) VALUES (128, 3);
INSERT INTO MAJOR_AREA(MAJOR_ID, CAREER_AREA_ID) VALUES (128, 7);

INSERT INTO MAJOR(ID, MIN_SCORE, NAME, CITY_ID) VALUES (129, 93, 'Građevinarstvo; Fakultet tehničkih nauka', 2);
INSERT INTO MAJOR_AREA(MAJOR_ID, CAREER_AREA_ID) VALUES (129, 3);
INSERT INTO MAJOR_AREA(MAJOR_ID, CAREER_AREA_ID) VALUES (129, 4);

INSERT INTO MAJOR(ID, MIN_SCORE, NAME, CITY_ID) VALUES (130, 86, 'Grafičko inženjerstvo i dizajn; Fakultet tehničkih nauka', 2);
INSERT INTO MAJOR_AREA(MAJOR_ID, CAREER_AREA_ID) VALUES (130, 3);
INSERT INTO MAJOR_AREA(MAJOR_ID, CAREER_AREA_ID) VALUES (130, 4);

INSERT INTO MAJOR(ID, MIN_SCORE, NAME, CITY_ID) VALUES (131, 85, 'Industrijsko inženjerstvo; Fakultet tehničkih nauka', 2);
INSERT INTO MAJOR_AREA(MAJOR_ID, CAREER_AREA_ID) VALUES (131, 3);

INSERT INTO MAJOR(ID, MIN_SCORE, NAME, CITY_ID) VALUES (132, 69, 'Informacioni inženjering; Fakultet tehničkih nauka', 2);
INSERT INTO MAJOR_AREA(MAJOR_ID, CAREER_AREA_ID) VALUES (132, 3);
INSERT INTO MAJOR_AREA(MAJOR_ID, CAREER_AREA_ID) VALUES (132, 7);

INSERT INTO MAJOR(ID, MIN_SCORE, NAME, CITY_ID) VALUES (133, 98, 'Inženjerski menadžment; Fakultet tehničkih nauka', 2);
INSERT INTO MAJOR_AREA(MAJOR_ID, CAREER_AREA_ID) VALUES (133, 3);

INSERT INTO MAJOR(ID, MIN_SCORE, NAME, CITY_ID) VALUES (134, 95, 'Inženjerstvo informacionih sistema; Fakultet tehničkih nauka', 2);
INSERT INTO MAJOR_AREA(MAJOR_ID, CAREER_AREA_ID) VALUES (134, 3);
INSERT INTO MAJOR_AREA(MAJOR_ID, CAREER_AREA_ID) VALUES (134, 4);

INSERT INTO MAJOR(ID, MIN_SCORE, NAME, CITY_ID) VALUES (135, 99, 'Inženjerstvo zaštite na radu; Fakultet tehničkih nauka', 2);
INSERT INTO MAJOR_AREA(MAJOR_ID, CAREER_AREA_ID) VALUES (135, 3);
INSERT INTO MAJOR_AREA(MAJOR_ID, CAREER_AREA_ID) VALUES (135, 2);

INSERT INTO MAJOR(ID, MIN_SCORE, NAME, CITY_ID) VALUES (136, 99, 'Inženjerstvo zaštite životne sredine; Fakultet tehničkih nauka', 2);
INSERT INTO MAJOR_AREA(MAJOR_ID, CAREER_AREA_ID) VALUES (136, 3);
INSERT INTO MAJOR_AREA(MAJOR_ID, CAREER_AREA_ID) VALUES (136, 2);

INSERT INTO MAJOR(ID, MIN_SCORE, NAME, CITY_ID) VALUES (137, 98, 'Mehanizacija i konstrukciono mašinstvo; Fakultet tehničkih nauka', 2);
INSERT INTO MAJOR_AREA(MAJOR_ID, CAREER_AREA_ID) VALUES (137, 3);

INSERT INTO MAJOR(ID, MIN_SCORE, NAME, CITY_ID) VALUES (138, 65, 'Mehatronika; Fakultet tehničkih nauka', 2);
INSERT INTO MAJOR_AREA(MAJOR_ID, CAREER_AREA_ID) VALUES (138, 3);

INSERT INTO MAJOR(ID, MIN_SCORE, NAME, CITY_ID) VALUES (139, 75, 'Merenje i regulacija; Fakultet tehničkih nauka', 2);
INSERT INTO MAJOR_AREA(MAJOR_ID, CAREER_AREA_ID) VALUES (139, 3);

INSERT INTO MAJOR(ID, MIN_SCORE, NAME, CITY_ID) VALUES (140, 91, 'Poštanski saobraćaj i telekomunikacije; Fakultet tehničkih nauka', 2);
INSERT INTO MAJOR_AREA(MAJOR_ID, CAREER_AREA_ID) VALUES (140, 3);
INSERT INTO MAJOR_AREA(MAJOR_ID, CAREER_AREA_ID) VALUES (140, 1);

INSERT INTO MAJOR(ID, MIN_SCORE, NAME, CITY_ID) VALUES (141, 64, 'Primenjeno softversko inženjerstvo; Fakultet tehničkih nauka', 2);
INSERT INTO MAJOR_AREA(MAJOR_ID, CAREER_AREA_ID) VALUES (141, 3);
INSERT INTO MAJOR_AREA(MAJOR_ID, CAREER_AREA_ID) VALUES (141, 7);

INSERT INTO MAJOR(ID, MIN_SCORE, NAME, CITY_ID) VALUES (142, 84, 'Proizvodno mašinstvo; Fakultet tehničkih nauka', 2);
INSERT INTO MAJOR_AREA(MAJOR_ID, CAREER_AREA_ID) VALUES (142, 3);

INSERT INTO MAJOR(ID, MIN_SCORE, NAME, CITY_ID) VALUES (143, 94, 'Računarstvo i automatika; Fakultet tehničkih nauka', 2);
INSERT INTO MAJOR_AREA(MAJOR_ID, CAREER_AREA_ID) VALUES (143, 3);
INSERT INTO MAJOR_AREA(MAJOR_ID, CAREER_AREA_ID) VALUES (143, 7);

INSERT INTO MAJOR(ID, MIN_SCORE, NAME, CITY_ID) VALUES (144, 70, 'Saobraćaj i transport; Fakultet tehničkih nauka', 2);
INSERT INTO MAJOR_AREA(MAJOR_ID, CAREER_AREA_ID) VALUES (144, 3);
INSERT INTO MAJOR_AREA(MAJOR_ID, CAREER_AREA_ID) VALUES (144, 1);

INSERT INTO MAJOR(ID, MIN_SCORE, NAME, CITY_ID) VALUES (145, 100, 'Scenska arhitektura, tehnika i dizajn; Fakultet tehničkih nauka', 2);
INSERT INTO MAJOR_AREA(MAJOR_ID, CAREER_AREA_ID) VALUES (145, 4);
INSERT INTO MAJOR_AREA(MAJOR_ID, CAREER_AREA_ID) VALUES (145, 5);

INSERT INTO MAJOR(ID, MIN_SCORE, NAME, CITY_ID) VALUES (146, 82, 'Softversko inženjerstvo i informacione tehnologije; Fakultet tehničkih nauka', 2);
INSERT INTO MAJOR_AREA(MAJOR_ID, CAREER_AREA_ID) VALUES (146, 3);
INSERT INTO MAJOR_AREA(MAJOR_ID, CAREER_AREA_ID) VALUES (146, 7);

INSERT INTO MAJOR(ID, MIN_SCORE, NAME, CITY_ID) VALUES (147, 58, 'Tehnička mehanika i dizajn u tehnici; Fakultet tehničkih nauka', 2);
INSERT INTO MAJOR_AREA(MAJOR_ID, CAREER_AREA_ID) VALUES (147, 3);
INSERT INTO MAJOR_AREA(MAJOR_ID, CAREER_AREA_ID) VALUES (147, 4);

INSERT INTO MAJOR(ID, MIN_SCORE, NAME, CITY_ID) VALUES (148, 70, 'Upravljanje rizikom od katastrofalnih događaja i požara; Fakultet tehničkih nauka', 2);
INSERT INTO MAJOR_AREA(MAJOR_ID, CAREER_AREA_ID) VALUES (148, 3);
INSERT INTO MAJOR_AREA(MAJOR_ID, CAREER_AREA_ID) VALUES (148, 2);

INSERT INTO MAJOR(ID, MIN_SCORE, NAME, CITY_ID) VALUES (149, 91, 'Medicina; Medicinski fakultet', 2);
INSERT INTO MAJOR_AREA(MAJOR_ID, CAREER_AREA_ID) VALUES (149, 7);
INSERT INTO MAJOR_AREA(MAJOR_ID, CAREER_AREA_ID) VALUES (149, 8);

INSERT INTO MAJOR(ID, MIN_SCORE, NAME, CITY_ID) VALUES (150, 70, 'Stomatologija; Medicinski fakultet', 2);
INSERT INTO MAJOR_AREA(MAJOR_ID, CAREER_AREA_ID) VALUES (150, 7);
INSERT INTO MAJOR_AREA(MAJOR_ID, CAREER_AREA_ID) VALUES (150, 8);
INSERT INTO MAJOR_AREA(MAJOR_ID, CAREER_AREA_ID) VALUES (150, 10);

INSERT INTO MAJOR(ID, MIN_SCORE, NAME, CITY_ID) VALUES (151, 61, 'Farmacija; Medicinski fakultet', 2);
INSERT INTO MAJOR_AREA(MAJOR_ID, CAREER_AREA_ID) VALUES (151, 7);

INSERT INTO MAJOR(ID, MIN_SCORE, NAME, CITY_ID) VALUES (152, 56, 'Zdravstvena nega; Medicinski fakultet', 2);
INSERT INTO MAJOR_AREA(MAJOR_ID, CAREER_AREA_ID) VALUES (152, 8);

INSERT INTO MAJOR(ID, MIN_SCORE, NAME, CITY_ID) VALUES (153, 57, 'Specijalna edukacija; Medicinski fakultet', 2);
INSERT INTO MAJOR_AREA(MAJOR_ID, CAREER_AREA_ID) VALUES (153, 8);

INSERT INTO MAJOR(ID, MIN_SCORE, NAME, CITY_ID) VALUES (154, 72, 'Medicinska rehabilitacija; Medicinski fakultet', 2);
INSERT INTO MAJOR_AREA(MAJOR_ID, CAREER_AREA_ID) VALUES (154, 8);

INSERT INTO MAJOR(ID, MIN_SCORE, NAME, CITY_ID) VALUES (155, 74, 'Biologija i ekologija; Prirodno-matematički fakultet', 2);
INSERT INTO MAJOR_AREA(MAJOR_ID, CAREER_AREA_ID) VALUES (155, 7);

INSERT INTO MAJOR(ID, MIN_SCORE, NAME, CITY_ID) VALUES (156, 84, 'Geografija, turizam i hotelijerstvo; Prirodno-matematički fakultet', 2);
INSERT INTO MAJOR_AREA(MAJOR_ID, CAREER_AREA_ID) VALUES (156, 7);
INSERT INTO MAJOR_AREA(MAJOR_ID, CAREER_AREA_ID) VALUES (156, 10);

INSERT INTO MAJOR(ID, MIN_SCORE, NAME, CITY_ID) VALUES (157, 74, 'Matematika i informatika; Prirodno-matematički fakultet', 2);
INSERT INTO MAJOR_AREA(MAJOR_ID, CAREER_AREA_ID) VALUES (157, 7);

INSERT INTO MAJOR(ID, MIN_SCORE, NAME, CITY_ID) VALUES (158, 91, 'Fizika; Prirodno-matematički fakultet', 2);
INSERT INTO MAJOR_AREA(MAJOR_ID, CAREER_AREA_ID) VALUES (158, 7);

INSERT INTO MAJOR(ID, MIN_SCORE, NAME, CITY_ID) VALUES (159, 69, 'Hemija, biohemija i zaštita životne sredine; Prirodno-matematički fakultet', 2);
INSERT INTO MAJOR_AREA(MAJOR_ID, CAREER_AREA_ID) VALUES (159, 7);

INSERT INTO MAJOR(ID, MIN_SCORE, NAME, CITY_ID) VALUES (160, 86, 'Dizajn video igara; Akademija umetnosti', 2);
INSERT INTO MAJOR_AREA(MAJOR_ID, CAREER_AREA_ID) VALUES (160, 4);
INSERT INTO MAJOR_AREA(MAJOR_ID, CAREER_AREA_ID) VALUES (160, 3);

INSERT INTO MAJOR(ID, MIN_SCORE, NAME, CITY_ID) VALUES (161, 65, 'Muzička pedagogija; Akademija umetnosti', 2);
INSERT INTO MAJOR_AREA(MAJOR_ID, CAREER_AREA_ID) VALUES (161, 8);
INSERT INTO MAJOR_AREA(MAJOR_ID, CAREER_AREA_ID) VALUES (161, 4);

INSERT INTO MAJOR(ID, MIN_SCORE, NAME, CITY_ID) VALUES (162, 89, 'Muzikologija; Akademija umetnosti', 2);
INSERT INTO MAJOR_AREA(MAJOR_ID, CAREER_AREA_ID) VALUES (162, 5);

INSERT INTO MAJOR(ID, MIN_SCORE, NAME, CITY_ID) VALUES (163, 76, 'Etnomuzikologija; Akademija umetnosti', 2);
INSERT INTO MAJOR_AREA(MAJOR_ID, CAREER_AREA_ID) VALUES (163, 5);

INSERT INTO MAJOR(ID, MIN_SCORE, NAME, CITY_ID) VALUES (164, 93, 'Audiovizuelni mediji; Akademija umetnosti', 2);
INSERT INTO MAJOR_AREA(MAJOR_ID, CAREER_AREA_ID) VALUES (164, 5);
INSERT INTO MAJOR_AREA(MAJOR_ID, CAREER_AREA_ID) VALUES (164, 3);

INSERT INTO MAJOR(ID, MIN_SCORE, NAME, CITY_ID) VALUES (165, 65, 'Multimedijalna režija; Akademija umetnosti', 2);
INSERT INTO MAJOR_AREA(MAJOR_ID, CAREER_AREA_ID) VALUES (165, 5);
INSERT INTO MAJOR_AREA(MAJOR_ID, CAREER_AREA_ID) VALUES (165, 3);

INSERT INTO MAJOR(ID, MIN_SCORE, NAME, CITY_ID) VALUES (166, 78, 'Dramaturgija; Akademija umetnosti', 2);
INSERT INTO MAJOR_AREA(MAJOR_ID, CAREER_AREA_ID) VALUES (166, 5);

INSERT INTO MAJOR(ID, MIN_SCORE, NAME, CITY_ID) VALUES (167, 68, 'Kompozicija; Akademija umetnosti', 2);
INSERT INTO MAJOR_AREA(MAJOR_ID, CAREER_AREA_ID) VALUES (167, 5);

INSERT INTO MAJOR(ID, MIN_SCORE, NAME, CITY_ID) VALUES (168, 84, 'Primenjene umetnosti i dizajn; Akademija umetnosti', 2);
INSERT INTO MAJOR_AREA(MAJOR_ID, CAREER_AREA_ID) VALUES (168, 10);
INSERT INTO MAJOR_AREA(MAJOR_ID, CAREER_AREA_ID) VALUES (168, 5);

INSERT INTO MAJOR(ID, MIN_SCORE, NAME, CITY_ID) VALUES (169, 87, 'Izvođačke umetnosti; Akademija umetnosti', 2);
INSERT INTO MAJOR_AREA(MAJOR_ID, CAREER_AREA_ID) VALUES (169, 10);
INSERT INTO MAJOR_AREA(MAJOR_ID, CAREER_AREA_ID) VALUES (169, 5);

INSERT INTO MAJOR(ID, MIN_SCORE, NAME, CITY_ID) VALUES (170, 63, 'Likovne umetnosti; Akademija umetnosti', 2);
INSERT INTO MAJOR_AREA(MAJOR_ID, CAREER_AREA_ID) VALUES (170, 10);
INSERT INTO MAJOR_AREA(MAJOR_ID, CAREER_AREA_ID) VALUES (170, 5);

INSERT INTO MAJOR(ID, MIN_SCORE, NAME, CITY_ID) VALUES (171, 66, 'Gluma; Akademija umetnosti', 2);
INSERT INTO MAJOR_AREA(MAJOR_ID, CAREER_AREA_ID) VALUES (171, 5);

INSERT INTO MAJOR(ID, MIN_SCORE, NAME, CITY_ID) VALUES (172, 99, 'Muzička produkcija; Akademija umetnosti', 2);
INSERT INTO MAJOR_AREA(MAJOR_ID, CAREER_AREA_ID) VALUES (172, 10);
INSERT INTO MAJOR_AREA(MAJOR_ID, CAREER_AREA_ID) VALUES (172, 5);

INSERT INTO MAJOR(ID, MIN_SCORE, NAME, CITY_ID) VALUES (173, 78, 'Građevinarstvo; Građevinski fakultet', 3);
INSERT INTO MAJOR_AREA(MAJOR_ID, CAREER_AREA_ID) VALUES (173, 3);
INSERT INTO MAJOR_AREA(MAJOR_ID, CAREER_AREA_ID) VALUES (173, 4);

INSERT INTO MAJOR(ID, MIN_SCORE, NAME, CITY_ID) VALUES (174, 95, 'Geodezija; Građevinski fakultet', 3);
INSERT INTO MAJOR_AREA(MAJOR_ID, CAREER_AREA_ID) VALUES (174, 3);
INSERT INTO MAJOR_AREA(MAJOR_ID, CAREER_AREA_ID) VALUES (174, 7);

INSERT INTO MAJOR(ID, MIN_SCORE, NAME, CITY_ID) VALUES (175, 79, 'Informacione tehnologije; Tehnički fakultet "Mihajlo Pupin"', 4);
INSERT INTO MAJOR_AREA(MAJOR_ID, CAREER_AREA_ID) VALUES (175, 3);
INSERT INTO MAJOR_AREA(MAJOR_ID, CAREER_AREA_ID) VALUES (175, 7);

INSERT INTO MAJOR(ID, MIN_SCORE, NAME, CITY_ID) VALUES (176, 86, 'Informacione tehnologije - softversko inženjerstvo; Tehnički fakultet "Mihajlo Pupin"', 4);
INSERT INTO MAJOR_AREA(MAJOR_ID, CAREER_AREA_ID) VALUES (176, 3);
INSERT INTO MAJOR_AREA(MAJOR_ID, CAREER_AREA_ID) VALUES (176, 7);

INSERT INTO MAJOR(ID, MIN_SCORE, NAME, CITY_ID) VALUES (177, 97, 'Informatka i tehnika u obrazovanju; Tehnički fakultet "Mihajlo Pupin"', 4);
INSERT INTO MAJOR_AREA(MAJOR_ID, CAREER_AREA_ID) VALUES (177, 3);
INSERT INTO MAJOR_AREA(MAJOR_ID, CAREER_AREA_ID) VALUES (177, 7);

INSERT INTO MAJOR(ID, MIN_SCORE, NAME, CITY_ID) VALUES (178, 74, 'Menadžment informacionih tehnologija; Tehnički fakultet "Mihajlo Pupin"', 4);
INSERT INTO MAJOR_AREA(MAJOR_ID, CAREER_AREA_ID) VALUES (178, 3);
INSERT INTO MAJOR_AREA(MAJOR_ID, CAREER_AREA_ID) VALUES (178, 6);

INSERT INTO MAJOR(ID, MIN_SCORE, NAME, CITY_ID) VALUES (179, 64, 'Inženjerski menadžment; Tehnički fakultet "Mihajlo Pupin"', 4);
INSERT INTO MAJOR_AREA(MAJOR_ID, CAREER_AREA_ID) VALUES (179, 3);
INSERT INTO MAJOR_AREA(MAJOR_ID, CAREER_AREA_ID) VALUES (179, 6);

INSERT INTO MAJOR(ID, MIN_SCORE, NAME, CITY_ID) VALUES (180, 80, 'Mašinsko inženjerstvo; Tehnički fakultet "Mihajlo Pupin"', 4);
INSERT INTO MAJOR_AREA(MAJOR_ID, CAREER_AREA_ID) VALUES (180, 3);

INSERT INTO MAJOR(ID, MIN_SCORE, NAME, CITY_ID) VALUES (181, 60, 'Odevno inženjerstvo; Tehnički fakultet "Mihajlo Pupin"', 4);
INSERT INTO MAJOR_AREA(MAJOR_ID, CAREER_AREA_ID) VALUES (181, 3);
INSERT INTO MAJOR_AREA(MAJOR_ID, CAREER_AREA_ID) VALUES (181, 4);

INSERT INTO MAJOR(ID, MIN_SCORE, NAME, CITY_ID) VALUES (182, 97, 'Inženjerstvo zaštite životne sredine; Tehnički fakultet "Mihajlo Pupin"', 4);
INSERT INTO MAJOR_AREA(MAJOR_ID, CAREER_AREA_ID) VALUES (182, 3);
INSERT INTO MAJOR_AREA(MAJOR_ID, CAREER_AREA_ID) VALUES (182, 2);

INSERT INTO MAJOR(ID, MIN_SCORE, NAME, CITY_ID) VALUES (183, 76, 'Industrijsko inženjerstvo u eksploataciji nafte i gasa; Tehnički fakultet "Mihajlo Pupin"', 4);
INSERT INTO MAJOR_AREA(MAJOR_ID, CAREER_AREA_ID) VALUES (183, 3);

INSERT INTO MAJOR(ID, MIN_SCORE, NAME, CITY_ID) VALUES (184, 97, 'Fizičko vaspitanje i sport; Fakultet sporta i fizičkog vaspitanja', 2);
INSERT INTO MAJOR_AREA(MAJOR_ID, CAREER_AREA_ID) VALUES (184, 11);

INSERT INTO MAJOR(ID, MIN_SCORE, NAME, CITY_ID) VALUES (185, 67, 'Učitelj; Pedagoški fakultet', 5);
INSERT INTO MAJOR_AREA(MAJOR_ID, CAREER_AREA_ID) VALUES (185, 8);
INSERT INTO MAJOR_AREA(MAJOR_ID, CAREER_AREA_ID) VALUES (185, 5);

INSERT INTO MAJOR(ID, MIN_SCORE, NAME, CITY_ID) VALUES (186, 87, 'Dizajner medija u obrazovanju; Pedagoški fakultet', 5);
INSERT INTO MAJOR_AREA(MAJOR_ID, CAREER_AREA_ID) VALUES (186, 6);
INSERT INTO MAJOR_AREA(MAJOR_ID, CAREER_AREA_ID) VALUES (186, 4);

INSERT INTO MAJOR(ID, MIN_SCORE, NAME, CITY_ID) VALUES (187, 64, 'Vaspitač; Pedagoški fakultet', 5);
INSERT INTO MAJOR_AREA(MAJOR_ID, CAREER_AREA_ID) VALUES (187, 8);
INSERT INTO MAJOR_AREA(MAJOR_ID, CAREER_AREA_ID) VALUES (187, 5);

INSERT INTO MAJOR(ID, MIN_SCORE, NAME, CITY_ID) VALUES (188, 87, 'Menadžment u odbrani; Vojna akademija', 0);
INSERT INTO MAJOR_AREA(MAJOR_ID, CAREER_AREA_ID) VALUES (188, 1);
INSERT INTO MAJOR_AREA(MAJOR_ID, CAREER_AREA_ID) VALUES (188, 2);

INSERT INTO MAJOR(ID, MIN_SCORE, NAME, CITY_ID) VALUES (189, 78, 'Protivvazduhoplovna odbrana; Vojna akademija', 0);
INSERT INTO MAJOR_AREA(MAJOR_ID, CAREER_AREA_ID) VALUES (189, 2);

INSERT INTO MAJOR(ID, MIN_SCORE, NAME, CITY_ID) VALUES (190, 57, 'Vojnomašinsko inženjerstvo; Vojna akademija', 0);
INSERT INTO MAJOR_AREA(MAJOR_ID, CAREER_AREA_ID) VALUES (190, 3);
INSERT INTO MAJOR_AREA(MAJOR_ID, CAREER_AREA_ID) VALUES (190, 2);

INSERT INTO MAJOR(ID, MIN_SCORE, NAME, CITY_ID) VALUES (191, 69, 'Vojnoelektronsko inženjerstvo; Vojna akademija', 0);
INSERT INTO MAJOR_AREA(MAJOR_ID, CAREER_AREA_ID) VALUES (191, 3);
INSERT INTO MAJOR_AREA(MAJOR_ID, CAREER_AREA_ID) VALUES (191, 2);

INSERT INTO MAJOR(ID, MIN_SCORE, NAME, CITY_ID) VALUES (192, 74, 'Vojnohemijsko inženjerstvo; Vojna akademija', 0);
INSERT INTO MAJOR_AREA(MAJOR_ID, CAREER_AREA_ID) VALUES (192, 3);
INSERT INTO MAJOR_AREA(MAJOR_ID, CAREER_AREA_ID) VALUES (192, 2);

INSERT INTO MAJOR(ID, MIN_SCORE, NAME, CITY_ID) VALUES (193, 93, 'ABH odbrana; Vojna akademija', 0);
INSERT INTO MAJOR_AREA(MAJOR_ID, CAREER_AREA_ID) VALUES (193, 7);
INSERT INTO MAJOR_AREA(MAJOR_ID, CAREER_AREA_ID) VALUES (193, 2);

INSERT INTO MAJOR(ID, MIN_SCORE, NAME, CITY_ID) VALUES (194, 85, 'Vojno vazduhoplovstvo; Vojna akademija', 0);
INSERT INTO MAJOR_AREA(MAJOR_ID, CAREER_AREA_ID) VALUES (194, 2);

INSERT INTO MAJOR(ID, MIN_SCORE, NAME, CITY_ID) VALUES (195, 88, 'Logistika odbrane; Vojna akademija', 0);
INSERT INTO MAJOR_AREA(MAJOR_ID, CAREER_AREA_ID) VALUES (195, 2);
INSERT INTO MAJOR_AREA(MAJOR_ID, CAREER_AREA_ID) VALUES (195, 1);

INSERT INTO MAJOR(ID, MIN_SCORE, NAME, CITY_ID) VALUES (196, 70, 'Javne finansije; Vojna akademija', 0);
INSERT INTO MAJOR_AREA(MAJOR_ID, CAREER_AREA_ID) VALUES (196, 1);

INSERT INTO MAJOR(ID, MIN_SCORE, NAME, CITY_ID) VALUES (197, 72, 'Vojnogeodetsko inženjerstvo; Vojna akademija', 0);
INSERT INTO MAJOR_AREA(MAJOR_ID, CAREER_AREA_ID) VALUES (197, 3);
INSERT INTO MAJOR_AREA(MAJOR_ID, CAREER_AREA_ID) VALUES (197, 2);

INSERT INTO MAJOR(ID, MIN_SCORE, NAME, CITY_ID) VALUES (198, 69, 'Vojnoindustrijsko inženjerstvo; Vojna akademija', 6);
INSERT INTO MAJOR_AREA(MAJOR_ID, CAREER_AREA_ID) VALUES (198, 3);
INSERT INTO MAJOR_AREA(MAJOR_ID, CAREER_AREA_ID) VALUES (198, 2);

INSERT INTO MAJOR(ID, MIN_SCORE, NAME, CITY_ID) VALUES (199, 77, 'Arhitektura; Građevinsko-arhitektonski fakultet', 7);
INSERT INTO MAJOR_AREA(MAJOR_ID, CAREER_AREA_ID) VALUES (199, 4);
INSERT INTO MAJOR_AREA(MAJOR_ID, CAREER_AREA_ID) VALUES (199, 3);

INSERT INTO MAJOR(ID, MIN_SCORE, NAME, CITY_ID) VALUES (200, 58, 'Građevinarstvo; Građevinsko-arhitektonski fakultet', 7);
INSERT INTO MAJOR_AREA(MAJOR_ID, CAREER_AREA_ID) VALUES (200, 4);
INSERT INTO MAJOR_AREA(MAJOR_ID, CAREER_AREA_ID) VALUES (200, 3);

INSERT INTO MAJOR(ID, MIN_SCORE, NAME, CITY_ID) VALUES (201, 84, 'Upravljanje projektima u graditeljstvu; Građevinsko-arhitektonski fakultet', 7);
INSERT INTO MAJOR_AREA(MAJOR_ID, CAREER_AREA_ID) VALUES (201, 1);
INSERT INTO MAJOR_AREA(MAJOR_ID, CAREER_AREA_ID) VALUES (201, 3);

INSERT INTO MAJOR(ID, MIN_SCORE, NAME, CITY_ID) VALUES (202, 73, 'Ekonomija; Ekonomski fakultet', 7);
INSERT INTO MAJOR_AREA(MAJOR_ID, CAREER_AREA_ID) VALUES (202, 1);

INSERT INTO MAJOR(ID, MIN_SCORE, NAME, CITY_ID) VALUES (203, 89, 'Elektroenergetika; Elektronski fakultet', 7);
INSERT INTO MAJOR_AREA(MAJOR_ID, CAREER_AREA_ID) VALUES (203, 3);

INSERT INTO MAJOR(ID, MIN_SCORE, NAME, CITY_ID) VALUES (204, 57, 'Računarstvo i automatika; Elektronski fakultet', 7);
INSERT INTO MAJOR_AREA(MAJOR_ID, CAREER_AREA_ID) VALUES (204, 3);

INSERT INTO MAJOR(ID, MIN_SCORE, NAME, CITY_ID) VALUES (205, 62, 'Elektronika; Elektronski fakultet', 7);
INSERT INTO MAJOR_AREA(MAJOR_ID, CAREER_AREA_ID) VALUES (205, 3);

INSERT INTO MAJOR(ID, MIN_SCORE, NAME, CITY_ID) VALUES (206, 76, 'Elektronske komponente i mikrosistemi; Elektronski fakultet', 7);
INSERT INTO MAJOR_AREA(MAJOR_ID, CAREER_AREA_ID) VALUES (206, 3);

INSERT INTO MAJOR(ID, MIN_SCORE, NAME, CITY_ID) VALUES (207, 62, 'Upravljanje sistemima; Elektronski fakultet', 7);
INSERT INTO MAJOR_AREA(MAJOR_ID, CAREER_AREA_ID) VALUES (207, 3);

INSERT INTO MAJOR(ID, MIN_SCORE, NAME, CITY_ID) VALUES (208, 78, 'Komunikacije i informacione tehnologije; Elektronski fakultet', 7);
INSERT INTO MAJOR_AREA(MAJOR_ID, CAREER_AREA_ID) VALUES (208, 3);

INSERT INTO MAJOR(ID, MIN_SCORE, NAME, CITY_ID) VALUES (209, 90, 'Mašinsko inženjerstvo; Mašinski fakultet', 7);
INSERT INTO MAJOR_AREA(MAJOR_ID, CAREER_AREA_ID) VALUES (209, 3);

INSERT INTO MAJOR(ID, MIN_SCORE, NAME, CITY_ID) VALUES (210, 61, 'Informacione tehnologije u mašinstvu; Mašinski fakultet', 7);
INSERT INTO MAJOR_AREA(MAJOR_ID, CAREER_AREA_ID) VALUES (210, 3);

INSERT INTO MAJOR(ID, MIN_SCORE, NAME, CITY_ID) VALUES (211, 88, 'Medicina; Medicinski fakultet', 7);
INSERT INTO MAJOR_AREA(MAJOR_ID, CAREER_AREA_ID) VALUES (211, 7);
INSERT INTO MAJOR_AREA(MAJOR_ID, CAREER_AREA_ID) VALUES (211, 8);
INSERT INTO MAJOR_AREA(MAJOR_ID, CAREER_AREA_ID) VALUES (211, 10);

INSERT INTO MAJOR(ID, MIN_SCORE, NAME, CITY_ID) VALUES (212, 94, 'Stomatologija; Medicinski fakultet', 7);
INSERT INTO MAJOR_AREA(MAJOR_ID, CAREER_AREA_ID) VALUES (212, 8);
INSERT INTO MAJOR_AREA(MAJOR_ID, CAREER_AREA_ID) VALUES (212, 10);

INSERT INTO MAJOR(ID, MIN_SCORE, NAME, CITY_ID) VALUES (213, 60, 'Farmacija; Medicinski fakultet', 7);
INSERT INTO MAJOR_AREA(MAJOR_ID, CAREER_AREA_ID) VALUES (213, 7);

INSERT INTO MAJOR(ID, MIN_SCORE, NAME, CITY_ID) VALUES (214, 96, 'Pravo; Pravni fakultet', 7);
INSERT INTO MAJOR_AREA(MAJOR_ID, CAREER_AREA_ID) VALUES (214, 1);

INSERT INTO MAJOR(ID, MIN_SCORE, NAME, CITY_ID) VALUES (215, 98, 'Matematika; Prirodno-matematički fakultet', 7);
INSERT INTO MAJOR_AREA(MAJOR_ID, CAREER_AREA_ID) VALUES (215, 7);

INSERT INTO MAJOR(ID, MIN_SCORE, NAME, CITY_ID) VALUES (216, 57, 'Računarske nauke; Prirodno-matematički fakultet', 7);
INSERT INTO MAJOR_AREA(MAJOR_ID, CAREER_AREA_ID) VALUES (216, 7);
INSERT INTO MAJOR_AREA(MAJOR_ID, CAREER_AREA_ID) VALUES (216, 10);

INSERT INTO MAJOR(ID, MIN_SCORE, NAME, CITY_ID) VALUES (217, 86, 'Fiziku; Prirodno-matematički fakultet', 7);
INSERT INTO MAJOR_AREA(MAJOR_ID, CAREER_AREA_ID) VALUES (217, 7);
INSERT INTO MAJOR_AREA(MAJOR_ID, CAREER_AREA_ID) VALUES (217, 10);

INSERT INTO MAJOR(ID, MIN_SCORE, NAME, CITY_ID) VALUES (218, 78, 'Hemija; Prirodno-matematički fakultet', 7);
INSERT INTO MAJOR_AREA(MAJOR_ID, CAREER_AREA_ID) VALUES (218, 7);
INSERT INTO MAJOR_AREA(MAJOR_ID, CAREER_AREA_ID) VALUES (218, 10);

INSERT INTO MAJOR(ID, MIN_SCORE, NAME, CITY_ID) VALUES (219, 70, 'Geografija; Prirodno-matematički fakultet', 7);
INSERT INTO MAJOR_AREA(MAJOR_ID, CAREER_AREA_ID) VALUES (219, 7);

INSERT INTO MAJOR(ID, MIN_SCORE, NAME, CITY_ID) VALUES (220, 88, 'Biologija i ekologija; Prirodno-matematički fakultet', 7);
INSERT INTO MAJOR_AREA(MAJOR_ID, CAREER_AREA_ID) VALUES (220, 7);

INSERT INTO MAJOR(ID, MIN_SCORE, NAME, CITY_ID) VALUES (221, 77, 'Tehnološko inženjerstvo; Tehnološki fakultet', 8);
INSERT INTO MAJOR_AREA(MAJOR_ID, CAREER_AREA_ID) VALUES (221, 3);

INSERT INTO MAJOR(ID, MIN_SCORE, NAME, CITY_ID) VALUES (222, 55, 'Učitelj; Učiteljski fakultet', 9);
INSERT INTO MAJOR_AREA(MAJOR_ID, CAREER_AREA_ID) VALUES (222, 8);
INSERT INTO MAJOR_AREA(MAJOR_ID, CAREER_AREA_ID) VALUES (222, 5);

INSERT INTO MAJOR(ID, MIN_SCORE, NAME, CITY_ID) VALUES (223, 73, 'Vaspitač; Učiteljski fakultet', 9);
INSERT INTO MAJOR_AREA(MAJOR_ID, CAREER_AREA_ID) VALUES (223, 8);
INSERT INTO MAJOR_AREA(MAJOR_ID, CAREER_AREA_ID) VALUES (223, 5);

INSERT INTO MAJOR(ID, MIN_SCORE, NAME, CITY_ID) VALUES (224, 67, 'Zaštita na radu; Fakultet zažtite na radu', 7);
INSERT INTO MAJOR_AREA(MAJOR_ID, CAREER_AREA_ID) VALUES (224, 2);

INSERT INTO MAJOR(ID, MIN_SCORE, NAME, CITY_ID) VALUES (225, 71, 'Muzička teorija i pedagogija; Fakultet umetnosti', 7);
INSERT INTO MAJOR_AREA(MAJOR_ID, CAREER_AREA_ID) VALUES (225, 8);
INSERT INTO MAJOR_AREA(MAJOR_ID, CAREER_AREA_ID) VALUES (225, 5);

INSERT INTO MAJOR(ID, MIN_SCORE, NAME, CITY_ID) VALUES (226, 60, 'Klavir; Fakultet umetnosti', 7);
INSERT INTO MAJOR_AREA(MAJOR_ID, CAREER_AREA_ID) VALUES (226, 5);
INSERT INTO MAJOR_AREA(MAJOR_ID, CAREER_AREA_ID) VALUES (226, 4);

INSERT INTO MAJOR(ID, MIN_SCORE, NAME, CITY_ID) VALUES (227, 76, 'Gudački instumenti; Fakultet umetnosti', 7);
INSERT INTO MAJOR_AREA(MAJOR_ID, CAREER_AREA_ID) VALUES (227, 5);
INSERT INTO MAJOR_AREA(MAJOR_ID, CAREER_AREA_ID) VALUES (227, 4);

INSERT INTO MAJOR(ID, MIN_SCORE, NAME, CITY_ID) VALUES (228, 98, 'Duvački instrumenti; Fakultet umetnosti', 7);
INSERT INTO MAJOR_AREA(MAJOR_ID, CAREER_AREA_ID) VALUES (228, 5);
INSERT INTO MAJOR_AREA(MAJOR_ID, CAREER_AREA_ID) VALUES (228, 4);

INSERT INTO MAJOR(ID, MIN_SCORE, NAME, CITY_ID) VALUES (229, 66, 'Solo pevanje; Fakultet umetnosti', 7);
INSERT INTO MAJOR_AREA(MAJOR_ID, CAREER_AREA_ID) VALUES (229, 5);
INSERT INTO MAJOR_AREA(MAJOR_ID, CAREER_AREA_ID) VALUES (229, 4);

INSERT INTO MAJOR(ID, MIN_SCORE, NAME, CITY_ID) VALUES (230, 71, 'Gitara; Fakultet umetnosti', 7);
INSERT INTO MAJOR_AREA(MAJOR_ID, CAREER_AREA_ID) VALUES (230, 5);
INSERT INTO MAJOR_AREA(MAJOR_ID, CAREER_AREA_ID) VALUES (230, 4);

INSERT INTO MAJOR(ID, MIN_SCORE, NAME, CITY_ID) VALUES (231, 88, 'Harmonika; Fakultet umetnosti', 7);
INSERT INTO MAJOR_AREA(MAJOR_ID, CAREER_AREA_ID) VALUES (231, 5);
INSERT INTO MAJOR_AREA(MAJOR_ID, CAREER_AREA_ID) VALUES (231, 4);

INSERT INTO MAJOR(ID, MIN_SCORE, NAME, CITY_ID) VALUES (232, 65, 'Udarački instrumenti; Fakultet umetnosti', 7);
INSERT INTO MAJOR_AREA(MAJOR_ID, CAREER_AREA_ID) VALUES (232, 5);
INSERT INTO MAJOR_AREA(MAJOR_ID, CAREER_AREA_ID) VALUES (232, 4);

INSERT INTO MAJOR(ID, MIN_SCORE, NAME, CITY_ID) VALUES (233, 91, 'Fizičko vaspitanje i sport; Fakultet sporta i fizičkog vaspitanja', 7);
INSERT INTO MAJOR_AREA(MAJOR_ID, CAREER_AREA_ID) VALUES (233, 11);

INSERT INTO MAJOR(ID, MIN_SCORE, NAME, CITY_ID) VALUES (234, 59, 'Sport; Fakultet sporta i fizičkog vaspitanja', 7);
INSERT INTO MAJOR_AREA(MAJOR_ID, CAREER_AREA_ID) VALUES (234, 11);

INSERT INTO MAJOR(ID, MIN_SCORE, NAME, CITY_ID) VALUES (235, 95, 'Anglistika; Filozofski fakultet', 7);
INSERT INTO MAJOR_AREA(MAJOR_ID, CAREER_AREA_ID) VALUES (235, 6);
INSERT INTO MAJOR_AREA(MAJOR_ID, CAREER_AREA_ID) VALUES (235, 5);

INSERT INTO MAJOR(ID, MIN_SCORE, NAME, CITY_ID) VALUES (236, 100, 'Istorija; Filozofski fakultet', 7);
INSERT INTO MAJOR_AREA(MAJOR_ID, CAREER_AREA_ID) VALUES (236, 6);

INSERT INTO MAJOR(ID, MIN_SCORE, NAME, CITY_ID) VALUES (237, 76, 'Komuniciranje i odnosi sa javnošću; Filozofski fakultet', 7);
INSERT INTO MAJOR_AREA(MAJOR_ID, CAREER_AREA_ID) VALUES (237, 6);

INSERT INTO MAJOR(ID, MIN_SCORE, NAME, CITY_ID) VALUES (238, 88, 'Nemački jezik i književnost; Filozofski fakultet', 7);
INSERT INTO MAJOR_AREA(MAJOR_ID, CAREER_AREA_ID) VALUES (238, 6);
INSERT INTO MAJOR_AREA(MAJOR_ID, CAREER_AREA_ID) VALUES (238, 5);

INSERT INTO MAJOR(ID, MIN_SCORE, NAME, CITY_ID) VALUES (239, 66, 'Novinarstvo; Filozofski fakultet', 7);
INSERT INTO MAJOR_AREA(MAJOR_ID, CAREER_AREA_ID) VALUES (239, 6);

INSERT INTO MAJOR(ID, MIN_SCORE, NAME, CITY_ID) VALUES (240, 58, 'Pedagogija; Filozofski fakultet', 7);
INSERT INTO MAJOR_AREA(MAJOR_ID, CAREER_AREA_ID) VALUES (240, 6);
INSERT INTO MAJOR_AREA(MAJOR_ID, CAREER_AREA_ID) VALUES (240, 8);

INSERT INTO MAJOR(ID, MIN_SCORE, NAME, CITY_ID) VALUES (241, 86, 'Psihologija; Filozofski fakultet', 7);
INSERT INTO MAJOR_AREA(MAJOR_ID, CAREER_AREA_ID) VALUES (241, 8);
INSERT INTO MAJOR_AREA(MAJOR_ID, CAREER_AREA_ID) VALUES (241, 6);

INSERT INTO MAJOR(ID, MIN_SCORE, NAME, CITY_ID) VALUES (242, 100, 'Ruski jezik i književnost; Filozofski fakultet', 7);
INSERT INTO MAJOR_AREA(MAJOR_ID, CAREER_AREA_ID) VALUES (242, 6);
INSERT INTO MAJOR_AREA(MAJOR_ID, CAREER_AREA_ID) VALUES (242, 5);

INSERT INTO MAJOR(ID, MIN_SCORE, NAME, CITY_ID) VALUES (243, 82, 'Socijalna politika i socijalni rad; ', 7);
INSERT INTO MAJOR_AREA(MAJOR_ID, CAREER_AREA_ID) VALUES (243, 1);

INSERT INTO MAJOR(ID, MIN_SCORE, NAME, CITY_ID) VALUES (244, 74, 'Srbistika; Filozofski fakultet', 7);
INSERT INTO MAJOR_AREA(MAJOR_ID, CAREER_AREA_ID) VALUES (244, 6);

INSERT INTO MAJOR(ID, MIN_SCORE, NAME, CITY_ID) VALUES (245, 72, 'Filozofija; Filozofski fakultet', 7);
INSERT INTO MAJOR_AREA(MAJOR_ID, CAREER_AREA_ID) VALUES (245, 6);
INSERT INTO MAJOR_AREA(MAJOR_ID, CAREER_AREA_ID) VALUES (245, 5);

INSERT INTO MAJOR(ID, MIN_SCORE, NAME, CITY_ID) VALUES (246, 89, 'Francuski jezik i književnost; Filozofski fakultet', 7);
INSERT INTO MAJOR_AREA(MAJOR_ID, CAREER_AREA_ID) VALUES (246, 6);
INSERT INTO MAJOR_AREA(MAJOR_ID, CAREER_AREA_ID) VALUES (246, 5);

INSERT INTO MAJOR(ID, MIN_SCORE, NAME, CITY_ID) VALUES (247, 59, 'Gluma; Fakultet dramskih umetnosti', 0);
INSERT INTO MAJOR_AREA(MAJOR_ID, CAREER_AREA_ID) VALUES (247, 4);
INSERT INTO MAJOR_AREA(MAJOR_ID, CAREER_AREA_ID) VALUES (247, 5);

INSERT INTO MAJOR(ID, MIN_SCORE, NAME, CITY_ID) VALUES (248, 89, 'Pozorišna i radio režija; Fakultet dramskih umetnosti', 0);
INSERT INTO MAJOR_AREA(MAJOR_ID, CAREER_AREA_ID) VALUES (248, 4);
INSERT INTO MAJOR_AREA(MAJOR_ID, CAREER_AREA_ID) VALUES (248, 5);

INSERT INTO MAJOR(ID, MIN_SCORE, NAME, CITY_ID) VALUES (249, 99, 'Dramaturgija; Fakultet dramskih umetnosti', 0);
INSERT INTO MAJOR_AREA(MAJOR_ID, CAREER_AREA_ID) VALUES (249, 4);
INSERT INTO MAJOR_AREA(MAJOR_ID, CAREER_AREA_ID) VALUES (249, 6);

INSERT INTO MAJOR(ID, MIN_SCORE, NAME, CITY_ID) VALUES (250, 90, 'Menadžment i produkcija pozorišta, radija i kulture; Fakultet dramskih umetnosti', 0);
INSERT INTO MAJOR_AREA(MAJOR_ID, CAREER_AREA_ID) VALUES (250, 6);
INSERT INTO MAJOR_AREA(MAJOR_ID, CAREER_AREA_ID) VALUES (250, 1);

INSERT INTO MAJOR(ID, MIN_SCORE, NAME, CITY_ID) VALUES (251, 86, 'Filmska i televizijska režija; Fakultet dramskih umetnosti', 0);
INSERT INTO MAJOR_AREA(MAJOR_ID, CAREER_AREA_ID) VALUES (251, 4);
INSERT INTO MAJOR_AREA(MAJOR_ID, CAREER_AREA_ID) VALUES (251, 6);

INSERT INTO MAJOR(ID, MIN_SCORE, NAME, CITY_ID) VALUES (252, 81, 'Filmska i televizijska produkcija; Fakultet dramskih umetnosti', 0);
INSERT INTO MAJOR_AREA(MAJOR_ID, CAREER_AREA_ID) VALUES (252, 1);

INSERT INTO MAJOR(ID, MIN_SCORE, NAME, CITY_ID) VALUES (253, 58, 'Kamera; Fakultet dramskih umetnosti', 0);
INSERT INTO MAJOR_AREA(MAJOR_ID, CAREER_AREA_ID) VALUES (253, 4);
INSERT INTO MAJOR_AREA(MAJOR_ID, CAREER_AREA_ID) VALUES (253, 3);

INSERT INTO MAJOR(ID, MIN_SCORE, NAME, CITY_ID) VALUES (254, 70, 'Montaža; Fakultet dramskih umetnosti', 0);
INSERT INTO MAJOR_AREA(MAJOR_ID, CAREER_AREA_ID) VALUES (254, 4);
INSERT INTO MAJOR_AREA(MAJOR_ID, CAREER_AREA_ID) VALUES (254, 3);

INSERT INTO MAJOR(ID, MIN_SCORE, NAME, CITY_ID) VALUES (255, 92, 'Snimanje i dizajn zvuka; Fakultet dramskih umetnosti', 0);
INSERT INTO MAJOR_AREA(MAJOR_ID, CAREER_AREA_ID) VALUES (255, 3);

INSERT INTO MAJOR(ID, MIN_SCORE, NAME, CITY_ID) VALUES (256, 66, 'Slikarski odsek; Fakultet likovnih umetnosti', 0);
INSERT INTO MAJOR_AREA(MAJOR_ID, CAREER_AREA_ID) VALUES (256, 4);
INSERT INTO MAJOR_AREA(MAJOR_ID, CAREER_AREA_ID) VALUES (256, 5);

INSERT INTO MAJOR(ID, MIN_SCORE, NAME, CITY_ID) VALUES (257, 88, 'Vajarki odsek; Fakultet likovnih umetnosti', 0);
INSERT INTO MAJOR_AREA(MAJOR_ID, CAREER_AREA_ID) VALUES (257, 4);
INSERT INTO MAJOR_AREA(MAJOR_ID, CAREER_AREA_ID) VALUES (257, 5);

INSERT INTO MAJOR(ID, MIN_SCORE, NAME, CITY_ID) VALUES (258, 65, 'Grafički odsek; Fakultet likovnih umetnosti', 0);
INSERT INTO MAJOR_AREA(MAJOR_ID, CAREER_AREA_ID) VALUES (258, 4);

INSERT INTO MAJOR(ID, MIN_SCORE, NAME, CITY_ID) VALUES (259, 67, 'Teorijski odsek; Fakultet likovnih umetnosti', 0);
INSERT INTO MAJOR_AREA(MAJOR_ID, CAREER_AREA_ID) VALUES (259, 5);

INSERT INTO MAJOR(ID, MIN_SCORE, NAME, CITY_ID) VALUES (260, 91, 'Primenjena umetnost; Fakultet primenjenih umetnosti', 0);
INSERT INTO MAJOR_AREA(MAJOR_ID, CAREER_AREA_ID) VALUES (260, 5);

INSERT INTO MAJOR(ID, MIN_SCORE, NAME, CITY_ID) VALUES (261, 98, 'Dizajn; Fakultet primenjenih umetnosti', 0);
INSERT INTO MAJOR_AREA(MAJOR_ID, CAREER_AREA_ID) VALUES (261, 4);

INSERT INTO MAJOR(ID, MIN_SCORE, NAME, CITY_ID) VALUES (262, 65, 'Konzervacija i restauracija; Fakultet primenjenih umetnosti', 0);
INSERT INTO MAJOR_AREA(MAJOR_ID, CAREER_AREA_ID) VALUES (262, 5);
INSERT INTO MAJOR_AREA(MAJOR_ID, CAREER_AREA_ID) VALUES (262, 4);

INSERT INTO MAJOR(ID, MIN_SCORE, NAME, CITY_ID) VALUES (263, 81, 'Kompozicija; Fakultet muzičke umetnosti', 0);
INSERT INTO MAJOR_AREA(MAJOR_ID, CAREER_AREA_ID) VALUES (263, 4);
INSERT INTO MAJOR_AREA(MAJOR_ID, CAREER_AREA_ID) VALUES (263, 5);

INSERT INTO MAJOR(ID, MIN_SCORE, NAME, CITY_ID) VALUES (264, 63, 'Izvođačke umetnosti; Fakultet muzičke umetnosti', 0);
INSERT INTO MAJOR_AREA(MAJOR_ID, CAREER_AREA_ID) VALUES (264, 4);
INSERT INTO MAJOR_AREA(MAJOR_ID, CAREER_AREA_ID) VALUES (264, 5);

INSERT INTO MAJOR(ID, MIN_SCORE, NAME, CITY_ID) VALUES (265, 82, 'Nauke o muzičkoj umetnosti; Fakultet muzičke umetnosti', 0);
INSERT INTO MAJOR_AREA(MAJOR_ID, CAREER_AREA_ID) VALUES (265, 7);
INSERT INTO MAJOR_AREA(MAJOR_ID, CAREER_AREA_ID) VALUES (265, 5);

INSERT INTO CANDIDATE(EMAIL_ADDRESS, PASSWORD, GRADE, FIRST_NAME, LAST_NAME)
    VALUES ('drug_boban', '$2y$12$3PgRgQbVEpoXG3DU93r/XONLm4/vPm8af.t1KoPZT/9ZdpJOYQ1e.', 4.5, 'Boban', 'Zdravković');
-- bobi1234